objectid,title,filename,object_location,format,latitude,longitude,date,subject,location,description,source,language,descripction
1.0,Fotografía de Palazzo Veccio en Italia,001.pdf,/ARCHIVO/001.pdf,pdf,43.769444,11.256111,,Palacio ,"P.za della Signoria, 50122 Firenze FI, Italia","Un palacio que data del año 1299, ubicado en la Plaza de la Señoría en Florencia, Italia en el que se encuentran oficinas del ayuntamiento.",Colección de postales de Manuel Campero,it,
2.0,Fotografía de la Plazza dela Signoria en Italia,002.pdf,/ARCHIVO/002.pdf,pdf,43.769722,11.255556,,Plaza ,"P.za della Signoria50122 Firenze FI, Italia",La plaza central de Florencia en Italia. Es el lugar representativo de una Florencia medieval y se ha convertido en un centro de socialización.,Colección de postales de Manuel Campero,It,
3.0,Fotografía del Ponte Vecchio visto desde el río Arno en Italia,003.pdf,/ARCHIVO/003.pdf,pdf,43.767989,11.253192,,Puente,"Ponte Vecchio, 50125 Firenze FI, Italia",Un puente inicialmente construido por los romanos que cruza el río Arno.,Colección de postales de Manuel Campero,It,
4.0,Fotografía de una familia en una  plaza,004.pdf,/ARCHIVO/004.pdf,pdf,,,,Plaza ,,Una familia de 7 integrantes frente a un edificio.,Colección de postales de Manuel Campero,It,
5.0,"Fotografía del coro del monasterio ""Certosa di Pavia"" en Italia",005.pdf,/ARCHIVO/005.pdf,pdf,45.257,9.148278,,Coro,"27012 Certosa di Pavia, Province of Pavia, Italia","El monasterio ""Cartuja de Pavía, en la localidad de Pavia representa el gótico tardío italiano.",Colección de postales de Manuel Campero,It,
6.0,"Fotografía de la ""Chiesa  del Santo"" en Italia ",006.pdf,/ARCHIVO/006.pdf,pdf,45.401362,11.880686,,Iglesia ,"Piazza del Santo, 11, 35123 Padova PD, Italia","La basílica del Santo Antonio de Padúa construida entre 1238 y 1310 es uno de los principales recintos religiosos católicos de Padúa. Además, es parte de un sitio patrimonio de la humanidad.",Colección de postales de Manuel Campero,It,
7.0,Fotografía del interior de la bacílica de San Antonio de Padúa,007.pdf,/ARCHIVO/007.pdf,pdf,45.401363,11.880687,,Iglesia ,"Piazza del Santo, 12, 35123 Padova PD, Italia",El interior de la basílica más visitada de Padova.,Colección de postales de Manuel Campero,It,
8.0,"Pintura ""Madonna col figlio"" de N. Parisani",008.pdf,/ARCHIVO/008.pdf,pdf,,,,Retrato,Italia,"""Madonna col figlio"" se traduce al español directamente como ""virgen con niño"". La pintura fue realizada por Naopleone Parisani, un pintor italiano conocido. ",Colección de postales de Manuel Campero,It,
9.0,"Fotografía de ""Napoli"" desde el mar (golfo de Nápoles)",009.pdf,/ARCHIVO/009.pdf,pdf,40.735278,14.275278,,Ciudad de Nápoles,"Nápoles, Italia","Nápoles está ubicado al sur de Italia, y sus orillas conectan con parte del mar mediterráneo. Desde ahí se tomó la fotografía, en la que se observa la ciudad.",Colección de postales de Manuel Campero,It,
10.0,"Fotografía de la Chiesa della Salute en Venecia, Italia",010.pdf,/ARCHIVO/010.pdf,pdf,45.43068123579475,12.334817503880297,,Chiesa della Salute,"Dorsoduro, 1, 30123 Venezia VE, Italy",Exterior de la Basílica de Santa María de la Salud,Colección de postales de Manuel Campero,It,
11.0,"Fotografía de la Ca´d'Oro en Venecia, Italia",011.pdf,/ARCHIVO/011.pdf,pdf,45.44080737147946,12.333918909000436,,Calle,"Calle Ca' d'Oro, 3934, 30121 Venezia VE, Italy",Vista desde el canal de la Ca' d'Oro,Colección de postales de Manuel Campero,It,
12.0,"Fotografía de un gondolero en el Ponte de la Ferrovia en Verona, Italia",012.pdf,/ARCHIVO/012.pdf,pdf,45.4764213045256,10.944461957768594,,Oficios,"37139 Parona Province of Verona, Italy",Dos hombres en una góndola cerca del Ponte della Ferrovia,Colección de postales de Manuel Campero,It,
13.0,"Fotografía panorámica de la ciudad de Venecia, Italia",013.pdf,/ARCHIVO/013.pdf,pdf,45.448402121971235,12.313639928196766,,Ciudad,"Venecia, Italia",Fotografía panorámica de Venecia.,Colección de postales de Manuel Campero,It,
14.0,Fotografía del Coliseo en Roma,014.pdf,/ARCHIVO/014.pdf,pdf,41.89017021890783,12.492499119489809,,Ciudad,"Piazza del Colosseo, 1, 00184 Roma RM, Italy",Fotografía frontal del Coliseo Romano,Colección de postales de Manuel Campero,It,
15.0,Fotografía del Foro Romano con el Capitolio en el fondo,015.pdf,/ARCHIVO/015.pdf,pdf,41.89243031018318,12.485432287066718,,Foro ,"Via della Salara Vecchia, 5/6, 00186 Roma RM, Italy",Fotografía del Foro Romano en Roma con el Campidoglio diseñado por Miguel Ángel en el fondo.,Colección de postales de Manuel Campero,It,
16.0,Fotografía del Foro Trajano,016.pdf,/ARCHIVO/016.pdf,pdf,41.8949,12.4853,,Foro,"Via dei Fori Imperiali, 00186 Roma RM, Italy",Fotografía del Foro Trajano.,Colección de postales de Manuel Campero,It,
17.0,"Retrato del papa Julio II, de Raffaello Sanzio",017.pdf,/ARCHIVO/017.pdf,pdf,43.7696,11.2558,1511.0,Papa Giullio II,"Florencia, Italia","Retrato en pintura del papa Giullio II, del artista renacentista Raffaello.",Colección de postales de Manuel Campero,It,
18.0,"Retrato en pintura de una mujer joven, de Raffaello Sanzio",018.pdf,/ARCHIVO/018.pdf,pdf,43.7696,11.2558,1519.0,Retrato en pintura,"Florencia, Italia","Retrato de una mujer joven de Raffaello Sanzio, hoy expuesto en el Palazzo Barberini.",Colección de postales de Manuel Campero,It,
19.0,Fotografía frontal de la plaza e iglesia de Santa María Novella.,019.pdf,/ARCHIVO/019.pdf,pdf,43.7732,11.2493,,Iglesia,"50123 Florence, Metropolitan City of Florence, Italy","Fotografía frontal de la plaza e iglesia de Santa María Novella en Florencia, Italia.",Colección de postales de Manuel Campero,It,
20.0,Fotografía de una balaustrada dentro de la iglesia Certosa di Pavia.,020.pdf,/ARCHIVO/020.pdf,pdf,45.2532,9.1283,,Balaustrada,"27012 Certosa di Pavia, Province of Pavia, Italy","Fotografía frontal de una balasutrada en la Certosa di Pavia en la provincia de Pavia, Italia.",Colección de postales de Manuel Campero,It,
21.0,Retrato de Angiolo Doni,021.pdf,/ARCHIVO/021.pdf,pdf,,,,Angiolo Doni,"R. Pitti Galería, Florencia, Italia",Un retrato de un italiano,Colección de postales de Manuel Campero,It,
22.0,Pintura de Judith de Botticelli,022.pdf,/ARCHIVO/022.pdf,pdf,43.768333333333,11.255277777778,,Judith,"Galería Uffizi, Florencia, Italia",Pintura de dos mujeres de Botticceli.,Colección de postales de Manuel Campero,It,
23.0,Fotografía Panorama visto desde los jardines de Boboli,023.pdf,/ARCHIVO/023.pdf,pdf,43.765275,11.249968,,Jardines ,"Jardines Boboli, Florencia, Italia",Construcciones vistas desde los Jardines de Boboli.,Colección de postales de Manuel Campero,It,
24.0,Fotografía de la Plaza de la Señoría,024.pdf,/ARCHIVO/024.pdf,pdf,43.769722222222,11.255555555556,,Plaza ,"Plaza de la Señoría, Florencia Italia",Arcos en la Plaza de la Señora con estuatillas.,Colección de postales de Manuel Campero,It,
25.0,Fotografía del mar de Nápoles,025.pdf,/ARCHIVO/025.pdf,pdf,43.76802545,11.2531580028995,,Mar de Nápoles,"Ponte Vecchio, Florencia, Italia",Panorama del mar de Nápoles con una balsa en medio del mar con la ciudad atrás.,Colección de postales de Manuel Campero,It,
26.0,Pintura de la fachada de la Catedral Santa María del Fiore,026.pdf,/ARCHIVO/026.pdf,pdf,43.773055555556,11.256944444444,,Catedral ,,Catedral con personas y caballos a su alrededor.,Colección de postales de Manuel Campero,It,
27.0,Fotografía interior del Palazzo di Parte Guelfa,027.pdf,ARCHIVO/027.pdf,pdf,43.7695,11.2536,,Palacio,"Palazzetto di Parte Guelfa, Florencia, Italia",,Colección de postales de Manuel Campero,It,
28.0,Fotografía del Puente Vecchio,028.pdf,/ARCHIVO/028.pdf,pdf,43.767989,11.253192,,Puente ,,Vista debajo del Puente Vecchio con personas en góndolas sobre el agua.,Colección de postales de Manuel Campero,It,
29.0,Fotografía de la Iglesia de S. M. Novella,029.pdf,/ARCHIVO/029.pdf,pdf,43.7732,11.2493,,Iglesia ,,Iglesia de S. M. Novella de frente con estructuras a su alrededor.,Colección de postales de Manuel Campero,It,
30.0,Fotografía del Palacio Pretorio,030.pdf,/ARCHIVO/030.pdf,pdf,,,,Palacio,,"Vista periferica del Palacio Pretorio desde abajo, tiene una estructura cuadrada.",Colección de postales de Manuel Campero,It,
31.0,"Pintura Padua, Italia",031.pdf,/ARCHIVO/031.pdf,pdf,45.406388888889,11.877777777778,,Calle,"Padova, Italia, Padua",Via 8 de febrero,Colección de postales de Manuel Campero,It,
32.0,Autoretrato de Elizabeth Le Brun,032.pdf,/ARCHIVO/032.pdf,pdf,,,1790.0,Personaje,Italia,Autoretrato de Elizabeth Le Brun,Colección de postales de Manuel Campero,It,
33.0,Baptisterio de Florencia,033.pdf,/ARCHIVO/033.pdf,pdf,43.77301461865487,11.255918750075224,,"Arquitectura, Renacimiento","Florencia, Italia","La Puerta del Paraíso (Porta del Paradiso, en italiano) es el nombre con el que se conoce popularmente a la puerta este del Baptisterio de Florencia. Se encuentra ubicada frente a la catedral de Santa María del Fiore.",Colección de postales de Manuel Campero,It,
34.0,El baptisterio restaurado,034.pdf,/ARCHIVO/034.pdf,pdf,43.77301461865488,11.255918750075224,,"Arquitectura, Renacimiento","Florencia, Italia",El baptisterio restaurado y revestido de mármol por arnolfo di Cambio,Colección de postales de Manuel Campero,It,
35.0,Pintura Papa Pio XI,035.pdf,/ARCHIVO/035.pdf,pdf,41.90213475818899,12.454387310939907,1924.0,Religion,Vaticano,"El Papa Pio XI golpeando la puerta santa en San Pedro antes de abrir, el 24 de diciembre de 1924",Colección de postales de Manuel Campero,It,
36.0,Pintura Papa,036.pdf,/ARCHIVO/036.pdf,pdf,41.902134758189,12.45438731093991,,Religion,Vaticano,Su santidad en las tinajas vaticanas postal,Colección de postales de Manuel Campero,It,
37.0,Pintura de la Virgen con el niño,037.pdf,/ARCHIVO/037.pdf,pdf,,,1655.0,Pintura,Italia,"La Virgen con el Niño será una de las escenas más tratadas por los pinceles de Murillo debido a la amplia demanda de esta temática en la España de la Contrarreforma. Esta obra que contemplamos estaría realizada en torno a 1655, rivalizando con la Virgen del Rosario que guarda el Museo del Prado. Las dos figuras aparecen recortadas sobre un fondo neutro y reciben un potente foco de luz procedente de la izquierda, consiguiendo de esta manera mayor monumentalidad. La serenidad de la postura de la Virgen contrasta con el movimiento escorzado del Niño, rompiendo así con la composición piramidal. La gran novedad de este trabajo estaría en las expresiones de ambos personajes, dirigiendo su mirada hacia el espectador para crear un prototipo de devoción popular en el que destaca la amabilidad de los gestos, anticipando la estética rococó. Las tonalidades brillantes y vaporosas empleadas aportan mayor elegancia a la composición, destacando la belleza idealizada de María, cuyo rostro recuerda a Rafael, aunque el pintor sevillano haya roto la comunicación entre Madre e Hijo conseguida por el italiano. El elegante dibujo de Murillo se pone claramente de manifiesto en la volumetría de ambos personajes y en la correcta definición de sus miembros, especialmente en el cuerpo desnudo del Niño.",Colección de postales de Manuel Campero,It,
38.0,Pintura de la Basílica de Santa Giustina,038.pdf,/ARCHIVO/038.pdf,pdf,45.39640109256223,11.879348188358732,,"Pintura, Jardin, Religion","Italia, Padova, Padua",Imagen del jardin y basilica de Santa Justina. ,Colección de postales de Manuel Campero,It,
39.0,Imagen del Museo de San Marco,039.pdf,/ARCHIVO/039.pdf,pdf,43.77843919596646,11.259326435949388,,"Religion, Arquitectura","Florencia, Italia",Se aprecia el claustro de San Domenico,Colección de postales de Manuel Campero,It,
40.0,Fotografia del canal grande de Venecia,040.pdf,/ARCHIVO/040.pdf,pdf,45.432648160907135,12.329751344672593,,"Paisaje, Urbano","Venecia, Italia",Canal grande de la Academia en Venecia,Colección de postales de Manuel Campero,It,
41.0,Fotografia del palacio del Arte de la lana en Florencia,041.pdf,/ARCHIVO/041.pdf,pdf,43.78645,11.24892,,Palacio ,"Palacio del arte de la lana, Florencia ","Edificio historico de Florencia, hoy pertenece a la sociedad Italiana Dante, la torre data del sigo XIII ",Colección de postales de Manuel Campero,It,
42.0,Fotografia de la plaza de la Señoria,042.pdf,/ARCHIVO/042.pdf,pdf,43.7696312460687,11.255459807735717,,Plaza,"Plaza de la Señoría, Florencia Italia","Es la plaza central de Florencia, es la sede del poder civil con el ""Palacio Viejo"" y es el corazón de la vida social de la ciudad.",Colección de postales de Manuel Campero,It,
43.0,Fotografia de Palazzo Vecchio,043.pdf,/ARCHIVO/043.pdf,pdf,43.7687,11.2569,,Palacio ,"Palacio Vecchio, Florencia, Italia","Palacio viejo se encuentra en la plaza de la Señorìa,  Alberga oficinas del Ayuntamiento de la ciudad si bien las principales salas están abiertas al público como museo donde pueden verse murales y cuadros de artistas célebres de la escuela florentina",Colección de postales de Manuel Campero,It,
44.0,"Fotografia del palacio pretorio en Florencia, ahora Museo Nacional El Patio",044.pdf,/ARCHIVO/044.pdf,pdf,38.1156614921151,13.361920407561644,,Museo,Palacio Pretorio en Florencia ,"El Palacio Pretorio es de planta rectangular, con una fachada principal que se abre hacia la parte sur de la plaza del Pretorio. Dispuesto en dos niveles, su principal característica son los bloques de toba que cubren totalmente sus paredes exteriores.",Colección de postales de Manuel Campero,It,
45.0,Fotografia del Monumento a Dante Alighieri ,045.pdf,/ARCHIVO/045.pdf,pdf,46.07152,11.12044,,Monumento ,"Plaza de Santa Croce, Florencia ","Es una de las principales plazas o plazas ubicadas en el céntrico barrio de Florencia, en la región de Toscana, Italia. Se encuentra cerca de la Piazza della Signoria y de la Biblioteca Central Nacional, y toma su nombre de la Basílica de Santa Croce que domina la plaza.",Colección de postales de Manuel Campero,It,
46.0,Fotografia del Puente Vecchio en Florencia ,046.pdf,/ARCHIVO/046.pdf,pdf,43.768009,11.253165,,Puente ,"Ponte Vecchio, Florencia, Italia","Es un puente medieval sobre el río Arno en Florencia (Italia). Es un símbolo de la ciudad y uno de los puentes más famosos del mundo, uno de los pocos puentes habitados que se conservan. Atraviesa el río Arno en su punto más estrecho.",Colección de postales de Manuel Campero,It,
47.0,Fotografia Marco con el monumento al general,047.pdf,/ARCHIVO/047.pdf,pdf,43.77925,11.24626,,Plaza,"Plaza e Chiesa, Italia","Posee el rango de catedral y también el de iglesia patriarcal, además del de basílica",Colección de postales de Manuel Campero,It,
48.0,Retrato de Giuditta- Cristofano Allori,048.pdf,/ARCHIVO/048.pdf,pdf,43.76506,11.24982,,Retrato ,"Galleria Pitti, Florencia, Italia","Es un palacio renacentista en Florencia, Italia, situado en la ribera sur del río Arno, a muy corta distancia del Ponte Vecchio que data de 1458 y que fue originalmente la residencia urbana de Luca Pitti, un banquero florentino.",Colección de postales de Manuel Campero,It,
49.0,Fotografia de Monumento a Giovanni delle Bande Nere,049.pdf,/ARCHIVO/049.pdf,pdf,43.77504,11.25406,,Monumento ,"Plaza de S. Lorenzo, Florencia","La Plaza de San Lorenzo es una de las plazas más importantes de Florencia. Su basílica con la Capilla de los Medici, el Palacio Medici Riccardi y la Biblioteca Medicea Laurenziana",Colección de postales de Manuel Campero,It,
50.0,Fotografia de Ponte Santa Trinita,050.pdf,/ARCHIVO/050.pdf,pdf,43.76903,11.25032,,Puente ,"Puente S. Trinita, Florencia ","El puente de Santa Trinita tiene interés por si mismo. Construido por Ammanati a partir de 1567y se hallaba en un importante enclave de la ciudad medieval, que ya contaba con otros puentes de madera.",Colección de postales de Manuel Campero,It,
51.0,"Fotografía de la ""Eglise Saint-Ambroise"" en Francia",051.pdf,ARCHIVO/051.pdf,pdf,48.861067,2.375564,,Iglesia ,"71 bis Bd Voltaire, 75011 Paris, Francia","Ubicada en París, la Iglesia de San Ambrosio está declarada monumento histórico y es atracción para muchos turistas",Colección de postales de Manuel Campero,fr,
52.0,Retrato de Francois Napoleon,052.pdf,ARCHIVO/052.pdf,pdf,,,,Retrato ,Francia,"Napoleón II, a pesar de ser el hijo del emperador francés,  no obtuvo ningún título de liderazgo debido a la mala reputación de su padre. Sin embargo,  se le cedió el nombre de ""Duque de Reichstadt""  ",Colección de postales de Manuel Campero,Fr,
53.0,Fotografía de poste de observación de trincheras alemanas ,053.pdf,ARCHIVO/053.pdf,pdf,49.15,4.966667,1915.0,Guardia ,"Bosque de Argonne, Francia",El bosque de Argonne fue un lugar de fuerte acción militar durante la Primera Guerra Mundial..,Colección de postales de Manuel Campero,Fr,
54.0,"Fotografía del ""Pont Mayou"" en Francia",054.pdf,ARCHIVO/054.pdf,pdf,43.492222,1.473889,,Puente ,"64100 Bayonne, Francia ","Cerca del puente se encuentran varios museos, por lo que por ahí pasan muchos turistas",Colección de postales de Manuel Campero,Fr,
55.0,"Fotografía de Páturas y un paisaje de fondo, Francia",055.pdf,ARCHIVO/055.pdf,pdf,42.695,-0.008889,,Cabra,"Gavarnie, Francia","La foto muestra un pastizal en Gavarnie, Francia, en el que se crían animales.",Colección de postales de Manuel Campero,Fr,
56.0,Pintura de Napoleón Bonaparte en su primera visita a la enfermería en el Castillo de Malmaison,056.pdf,ARCHIVO/056.pdf,pdf,48.8708,2.166848,,Napoleón  ,"12 Av. du Castillo de Malmaison, 92500 Rueil-Malmaison, Francia",El castillo es ahora un museo napoleónico. Fue el hogar de Josefina y Napoleón Bonaparte,Colección de postales de Manuel Campero,Fr,
57.0,Pintura de Napoleón Bonaparte presentando al Rey de Roma a los dignatarios del gobierno francés,057.pdf,ARCHIVO/057.pdf,pdf,48.804806,2.120333,1812.0,Napoleón Bonaparte con el Rey de Roma,"Place d'Armes, 78000 Versalles, Francia",El hecho se dio en el Palacio de Versalles. Que hoy en día es de los museos más importantes en Europa,Colección de postales de Manuel Campero,Fr,
58.0,Fotografía de los escombros de una estructura tras un bombardeo Zeppelin en Francia,058.pdf,ARCHIVO/058.pdf,pdf,48.860267,2.342869,1916.0,Escombros de una casa,"Rue de Rivolie, París, Francia.",Fallecieron 7 personas de ese edificio tras eñ hecho,Colección de postales de Manuel Campero,Fr,
59.0,Pintura de la armada francesa,059.pdf,ARCHIVO/059.pdf,pdf,,,,Soldados,-----,Un batallón de infantería francés descansando en el suelo. Se distinguen por sus sombreros característicos,Colección de postales de Manuel Campero,Fr,
60.0,"Fotografía del ""Bois de Boulogne"" en Francia",060.pdf,ARCHIVO/060.pdf,pdf,48.864722,2.250833,,Personas ,"Bois de Boulogne, París, Francia","Hoy en día el parque sigue ahí, teniendo más del doble de tamaño que el Central Park en Nueva York",Colección de postales de Manuel Campero,Fr,
61.0,Retrato de Jerome Bonaparte,061.pdf,ARCHIVO/061.pdf,pdf,,,1784.0,Jerome Bonaparte,,Retrato pintado de Jerome Bonaparte,Colección de postales de Manuel Campero,Fr,
62.0,Retrato de Marie-Louise,062.pdf,ARCHIVO/062.pdf,pdf,,,1791.0,"Marie-Louise, Duquesa de Parma",,"Retrato pintado de Marie-Luise, Duquesa de Parma",Colección de postales de Manuel Campero,Fr,
63.0,Pintura del ejército francés en una trinchera,063.pdf,ARCHIVO/063.pdf,pdf,,,,Ejército,,Pintura de la infantería francesa en una trinchera,Colección de postales de Manuel Campero,Fr,
64.0,Retato del emperador Napoleón,064.pdf,ARCHIVO/064.pdf,pdf,48.4047,2.7016,1814.0,Napoleón,"Fontainebleau, Francia","Retrato del emperador Napoleón en 1814, pintado por Paul Delaroche",Colección de postales de Manuel Campero,Fr,
65.0,Pintura del ejército alemán,065.pdf,ARCHIVO/065.pdf,pdf,,,,Ejército,,Pintura de la artillería alemana en marcha,Colección de postales de Manuel Campero,Fr,
66.0,Fotografía colorizada de un cañón francés,066.pdf,ARCHIVO/066.pdf,pdf,,,,Ejército,,Fotografía colorizada de un cañón francés con militares,Colección de postales de Manuel Campero,Fr,
67.0,"Fotografía de un ""attelage béarnais"" en los pirineos",067.pdf,ARCHIVO/067.pdf,pdf,42.6682,1.0012,,Campesinos,"Pirineos franceses, Francia",Fotografía de un hombre con bestias de carga en los pirineos franceses,Colección de postales de Manuel Campero,Fr,
68.0,Fotografía de una comunidad en los pirineos franceses,068.pdf,ARCHIVO/068.pdf,pdf,42.6682,1.0012,,Campesinos,"Pirineos franceses, Francia",Fotografía de una comunidad en los pirineos franceses,Colección de postales de Manuel Campero,Fr,
69.0,Fotografía colorizada del general Joseph Joffre,069.pdf,ARCHIVO/069.pdf,pdf,,,,General,,Fotografía colorizada del general francés Joseph Joffre,Colección de postales de Manuel Campero,Fr,
70.0,Ilustración de prisioneros de guerra,070.pdf,ARCHIVO/070.pdf,pdf,,,,Prisioneros de guerra,,Ilustración de prisioneros de guerra del ejército francés,Colección de postales de Manuel Campero,Fr,
71.0,Pintura Santa Capilla,071.pdf,ARCHIVO/071.pdf,pdf,48.855290240924575,2.344767697955646,,"Arquitectura, Religion","Paris, Francia",Coro de la santa capilla después de la restauración,Colección de postales de Manuel Campero,Fr,
72.0,Pintura de la Infanteria,072.pdf,ARCHIVO/072.pdf,pdf,48.858218124929735,2.3280498326100982,,"Infanteria, Ejercito",Francia,Seccion de ejercicio de la infanteria,Colección de postales de Manuel Campero,Fr,
73.0,Pintura de María Luisa de Austria,073.pdf,ARCHIVO/073.pdf,pdf,48.858218124929735,2.3280498326100982,1813.0,Personaje,Francia,"María Luisa de Austria, Emperatriz consorte de los Franceses",Colección de postales de Manuel Campero,Fr,
74.0,Fotografia del interior del Hotel Gassion,074.pdf,ARCHIVO/074.pdf,pdf,43.30081194783724,-0.370230337300203,,"Arquitectura, Urbanismo","Pau, Francia","Este hotel de lujo fue construido por un habitante de Béarn que había hecho una fortuna en Brasil. Está ubicado donde solía estar la mansión privada de la familia Gassion y que había sido transformada en una prisión departamental bajo el Imperio francés. Inaugurado en 1872, este símbolo del lujo y de la alta sociedad de Pau ofrecía a su acaudalada clientela todos los servicios que cabía esperar en materia de descanso y ocio: restaurante, salón de té, salas de juegos, sala de billar, sala de fumadores, zona de lectura, jardín e incluso salas de inhalación de aguas termales. A sus 240 habitaciones y suites, a la vanguardia del confort y dotadas de baños e iluminación de gas, se podía llegar a través de uno de los primeros ascensores hidráulicos de Europa. El personal vivía en el ático. Los animales de trabajo accedían al patio interior, donde estaban las cuadras, a través de una puerta situada en el lado de la ciudad. El hotel cerró en 1930 y se dividió en apartamentos.",Colección de postales de Manuel Campero,Fr,
75.0,Pintura de la armada francesa en campana,075.pdf,ARCHIVO/075.pdf,pdf,,,,Ejercito,Francia,Armada francesa,Colección de postales de Manuel Campero,Fr,
76.0,Pintura de la caballeria ligera del ejército francés,076.pdf,ARCHIVO/076.pdf,pdf,,,,Ejercito,Francia,Caballeria ligera,Colección de postales de Manuel Campero,Fr,
77.0,Napoleon y su hijo en el palacio de Malmaison,077.pdf,ARCHIVO/077.pdf,pdf,,,,"Interior, realeza","Rueil-Malmaison, Francia",Napoleon y su hijo al interior del palacio. ,Colección de postales de Manuel Campero,Fr,
78.0,Fotografía colorizada del ejército francés en una fuente,078.pdf,ARCHIVO/078.pdf,pdf,,,,Ejército,,Fotografía del ejército francés bebiendo agua de una fuente,Colección de postales de Manuel Campero,Fr,
79.0,Ilustración y biografía breve de Lucien Bonaparte,079.pdf,ARCHIVO/079.pdf,pdf,,,1775.0,Lucien Bonaparte,,Ilustración y biografía breve de Lucien Bonaparte,Colección de postales de Manuel Campero,Fr,
80.0,Fotografia de Napoleon ,080.pdf,ARCHIVO/080.pdf,pdf,,,,Napoleon ,,,Colección de postales de Manuel Campero,,
81.0,Fotografia del septimo guardia dragones de la princesa real ,081.pdf,ARCHIVO/081.pdf,pdf,55.378051,-3.435973,,Caballeria ,Reino Unido,"La 7.ª Guardia de Dragones (de la Princesa Real) era un regimiento de caballería del ejército británico, Prestó servicio durante dos siglos, incluida la Primera Guerra Mundial , antes de fusionarse con la 4.ª Guardia Real de Dragones de Irlanda , para formar la 4.ª/7.ª Guardia de Dragones. Guardias en 1922",Colección de postales de Manuel Campero,Ru,
82.0,Fotografia de Palladian Lounge,082.pdf,ARCHIVO/082.pdf,pdf,,,,Aquitania,,"Interior del transatlántico de pasajeros 'Aquitania' (1914) que muestra el salón de primera clase, también llamado Palladian Lounge, en la cubierta Promenade (cubierta A). Esta es una vista del lado de estribor, mirando hacia las puertas dobles a través del Salón de Primera Clase (o Sala de Escritura)",Colección de postales de Manuel Campero,,
83.0,Fotografia de un barco ,083.pdf,ARCHIVO/083.pdf,pdf,55.378051,-3.435973,,Barco,Reino Unido,"El RMS Aquitania fue un transatlántico británico que operó para la Cunard Line de los años de 1914 a 1950, del cual fue el barco que más años en servicio estuvo para esta línea (hasta que el Queen Elizabeth 2 rompió el récord en 2004). Es, además, el único barco de pasajeros en participar en ambas guerras mundiales. Por su diseño y años en servicio, además de sus interiores, lo nombraron ""The ship beautiful"".",Colección de postales de Manuel Campero,Ru,
84.0,Fotografia de Elizabethan grill room,084.pdf,ARCHIVO/084.pdf,pdf,,,,Aquitania,,Se muestra un espacio del Elizabethan grill room,Colección de postales de Manuel Campero,,
85.0,Fotografia Leaving Southampton,085.pdf,ARCHIVO/085.pdf,pdf,50.90395,-1.40428,,Southampton,Reino Unido,"Southampton, una ciudad del sur del Reino Unido que no goza de particular fama turística, es el lugar del país que más influencia ha tenido en Vivir Europa.",Colección de postales de Manuel Campero,Ru,
86.0,Fotografia de cambio de guardias ,086.pdf,ARCHIVO/086.pdf,pdf,55.378051,-3.435973,,Guardias ,Reino Unido,El Cambio de la Guardia es el proceso en el que se releva a los guardias al cambiar de turno.,Colección de postales de Manuel Campero,Ru,
87.0,Fotografia M.O 281,087.pdf,ARCHIVO/087.pdf,pdf,,,,Escuadron,,Se muestra al escuadron preparados ,Colección de postales de Manuel Campero,,
88.0,"Fotografia de caballo de tambor, primeros salvavidas ",088.pdf,ARCHIVO/088.pdf,pdf,55.378051,-3.435973,,Salvavidas,Reino Unido,"El caballo del tambor tenía que ser impresionantemente alto y fuerte para llevar el peso de los tambores a través de largas procesiones. Los caballos también tenían que ser sensatos, tranquilos y bondadosos para respetar y responder voluntariamente a la dirección de rienda no tradicional utilizada. Para lograr esto, los criadores generalmente cruzaron las razas Clydesdale, Gypsy Cob y Shire. El resultado es un caballo grande, dócil y de buen carácter que hizo una aparición impresionante durante las procesiones.",Colección de postales de Manuel Campero,Ru,
89.0,"Fotografia de entregando los colores, guardias de corriente fria ",089.pdf,ARCHIVO/089.pdf,pdf,,,,Guardias,,Guardias de corriente fria haciendo cambio de colores,Colección de postales de Manuel Campero,,
90.0,Fotografia de individuos elegantes posando para la fotografia ,090.pdf,ARCHIVO/090.pdf,pdf,,,,Personas ,,Se muestra un grupo de personas preparados para la toma de la fotografia ,Colección de postales de Manuel Campero,,
91.0,Retrato en pintura de Graefin Potocka,091.pdf,ARCHIVO/091.pdf,pdf,52.52437,13.41053,,Pintura retrato,"Berlín, Alemania","Pintura de un retrato con técnica pastel de Graefin Potcka, es un cuadro con relieve y con tonos claros. Pintura hecha por el pintor sueco, Anton Graff.",Colección de postales de Manuel Campero,De,
92.0,Pintura de coronel alemán y su caballo,092.pdf,ARCHIVO/092.pdf,pdf,52.52437,13.41053,,Coronel,"Berlín, Alemania",Coronel y caballo de un batallón del ejércto alemán,Colección de postales de Manuel Campero,De,
93.0,Pinura de soldado alemán sobre su caballo,093.pdf,ARCHIVO/093.pdf,pdf,52.52437,13.41053,,Soldado,"Berlín, Alemania",Soldado del ejército alemán con una escopeta sobre su hombro derecho con un cañón atrás.,Colección de postales de Manuel Campero,De,
94.0,Fotografía de una calle en Bad Nauheim,094.pdf,ARCHIVO/094.pdf,pdf,50.3673,8.7394,,Ciudad,"Bad Nauheim, Alemania","Fotografía de una avenida en Bad Nauheim, Alemania",Colección de postales de Manuel Campero,De,
95.0,Pintura de coronel alemán y su caballo,095.pdf,ARCHIVO/095.pdf,pdf,52.52437,13.41053,,Coronel,"Berlín, Alemania",Coronel y caballo de un batallón del ejércto alemán con personas atrás.,Colección de postales de Manuel Campero,De,
96.0,Pintura de soldado alemán sobre su caballo,096.pdf,ARCHIVO/096.pdf,pdf,52.52437,13.41053,,Soldado,"Berlín, Alemania",Pintura de un soldado con su caballo y más caballo detrás en movimiento. ,Colección de postales de Manuel Campero,De,
97.0,"Fotografía del Parián en Puebla, México",097.pdf,ARCHIVO/097.pdf,pdf,20.6388,103.311,,Mercado,"Puebla, México","Fotografía del mercado El Parián en Puebla, México",Colección de postales de Manuel Campero,Es,
98.0,Fotografía de un barco de vapor en Veracruz,098.pdf,ARCHIVO/098.pdf,pdf,19.1738,96.1342,,Barco,"Veracruz, México","Fotografía de un barco de vapor en Veracruz, México con la palabra ""recuerdo"" escrita sobre la postal",Colección de postales de Manuel Campero,Es,
99.0,Fotografía a color del puente internacional Santa Fe en Ciudad Juárez,099.pdf,ARCHIVO/099.pdf,pdf,31.6904,106.4245,,Ciudad,"Ciudad Juárez, México","Fotografía a color del puente internacional Santa Fe en Ciudad Juárez, México",Colección de postales de Manuel Campero,Es,
100.0,"Fotografía a color de los edificios en la Plaza Beethoven, Ciudad de México",100.pdf,ARCHIVO/100.pdf,pdf,20.6689,-103.42368,,Ciudad,"Ciudad de México, México","Fotografía a color de los edificios en la Plaza Beethoven, Ciudad de México",Colección de postales de Manuel Campero,Es,
1.0,Intersección calle Kaiser con torre de reloj,C2-G2-001.pdf,,application/pdf,50.110556,8.682222,1911.0,Intersección; peatones; carroza; caballos,"Torre del reloj, Frankfurt, Alemania",fotografía sepia de la intersección entre la calle del Kaiser con la torre del reloj  ,,De,
2.0,Grand Hotel Frankfurter Hof,C2-G2-002.pdf,,application/pdf,50.115278,8.684167,1911.0,Hotel; peatones; carroza; caballos,"Grand Hotel Frankfurter Hof, Frankfurt, Alemania",Ilustración a color del Grand Hotel Frankfurter Hof,,De,
3.0,Puente en el lago del Zoologier Garten,C2-G2-003.pdf,,application/pdf,52.512587,13.335608,1911.0,Puente; edificio; peatones; lago,"Zoologier garten, Frankfurt, Alemania",Ilustración en blanco y negro del puente en el jardín zoológico de Frankfurt,,De,
4.0,Iglesia y pueblo de Frankfurt,C2-G2-004.pdf,,application/pdf,50.110359,8.682314,1911.0,Iglesia; casas; peatones,"Frankfurt, Alemania",Fotografía a color de la iglesia y pueblo de Frankfurt,,De,
5.0,Puente de la iglesia,C2-G2-005.pdf,,application/pdf,50.115278,8.684167,1911.0,Iglesia; puente; arboles,"Bad Nauheim, Frankfurt, Alemania",Ilustración a color del puente que conduce a la iglesia en Bad Nauheim,,De,
6.0,Wallraffsplatz y calle principal,C2-G2-006.pdf,,application/pdf,49.412388,8.709677,1911.0,Plaza; edificios; peatones; carrozas; caballos,"Wallraffsplatz, Frankfurt, Alemania",Fotografía sepia de la Wallraffsplatz y calle principal,,De,
7.0,Castillo en el lago de Heidelberg,C2-G2-007.pdf,,application/pdf,49.41068,8.71553,1911.0,Torre; barco; ruinas; lago; muelle; personas,"Heidelberg, Alemania",Ilustración a color de la torre en el lago de Heildelberg,,De,
8.0,Terraza de la kurhaus,C2-G2-008.pdf,,application/pdf,52.114461,4.278791,1911.0,balneario; terraza; peatones,"Bad Nauheim, Frankfurt, Alemania",Ilustración a color de la terraza de la kurhaus,,De,
9.0,Escalera de entrada a la kurhaus,C2-G2-009.pdf,,application/pdf,52.114461,4.278791,1911.0,balneario; escaleras; peatón,"Bad Nauheim, Frankfurt, Alemania",Ilustración a color de la entrada de la kurhaus,,De,
10.0,Lado sur de la catedral,C2-G2-010.pdf,,application/pdf,50.110922,8.682127,1911.0,Catedral; edificios,"Frankfurt, Alemania",Fotografía sepia del lado sur de la catedral,,De,
11.0,Teckels de pelo largo,C2-G2-011.pdf,,application/pdf,50.115278,8.684167,1911.0,Teckel negro; teckel café,"Frankfurt, Alemania",Ilustración a color de un par de perros raza Dachshund,,De,
12.0,Jardín del Grand Hotel Frankfurter Hof,C2-G2-012.pdf,,application/pdf,50.111162,8.674908,1911.0,Grand Hotel; jardín; peatones; carroza; caballos,"Grand Hotel Frankfurter Hof, Frankfurt, Alemania",Ilustración a color del jardín del Grand Hotel  Frankfurter Hof,,De,
13.0,Basílica de San Antonio ,C2-G2-013.pdf,,application/pdf,45.401245,11.880337,1912.0,Basilica; edificios,"Padua, Italia",Ilustración a color de la Basílica de San Antonio,,It,
14.0,Prado del valle y canal ecicloidal,C2-G2-014.pdf,,application/pdf,45.407969,11.885861,1912.0,Canal; edificios; puente,"Padua, Italia",Ilustración a color del canal ecicloidal,,It,
15.0,Santuario de Nuestra Virgen de la Costa,C2-G2-015.pdf,,application/pdf,43.815833,7.773056,1912.0,Santuario; peatones,"San Remo, Italia",Ilustración a color del Santuario de Nuestra Virgen de la Costa,,It,
16.0,El Puente Molino ,C2-G2-016.pdf,,application/pdf,45.409299,11.885861,1912.0,Puente; edificios; peatones; tranvía,"Padua, Italia",Ilustación a color del Puente Molino,,It,
17.0,Caballero de Rojo,C2-G2-017.pdf,,application/pdf,41.902222,12.453333,1912.0,Persona,Ciudad del Vaticano,Ilustración a color de un caballero de rojo,,It,
18.0,Iglesia del Santo,C2-G2-018.pdf,,application/pdf,45.407969,11.885861,1912.0,Iglesia,"Padua, Italia",Ilustración a color de la Iglesia del Santo,,It,
19.0,Interior del Santuario de la Virgen de la Costa,C2-G2-019.pdf,,application/pdf,43.815833,7.773056,1912.0,Santuario,"San Remo, Italia",Ilustración a color del interior del Santuario de la Virgen de la Costa,,It,
20.0,Pintura de cerdos en óleo,C2-G2-020.pdf,,application/pdf,50.115278,8.684167,1912.0,Globo aerostático; baño; edificios; peatones,"Frankfurt, Alemania",Ilustración a color de una pintura de cerdos en óleo,,De,
21.0,"""Señor, ¿a dónde vas?""",C2-G2-021.pdf,,application/pdf,41.864161,12.493589,1912.0,Pasaje Bíblico,"Via Ardeatina 5, Roma",Ilustración a color de una pintura de Cristo,,Fr,
22.0,Noches en óleo,C2-G2-022.pdf,,application/pdf,45.407969,11.885861,1912.0,Persona; mar,"Padua, Italia",Ilustración a color de una pintura de la noche en óleo,,It,
23.0,Pinacoteca de Brera,C2-G2-023.pdf,,application/pdf,45.471955,9.187522,1912.0,Persona ,"Milán, Italia",Ilustración a color de una doncella en el pie de una iglesia,,It,
24.0,Oficial uniformado,C2-G2-024.pdf,,application/pdf,41.902222,12.453333,1912.0,Persona,Ciudad del Vaticano,Ilustración a color de un oficial de uniformado,,It,
25.0,White Star Line,C2-G2-025.pdf,,application/pdf,53.405471,-2.991572,1912.0,Personas,"Liverpool, Inglaterra",Fotografía sepia de una comida abordo del barco,,En,
26.0,White Star Line,C2-G2-026.pdf,,application/pdf,53.405472,-2.991573,1912.0,Personas ,"Liverpool, Inglaterra",Fotografía sepia de personas abordo del barco,,En,
27.0,Jennie the old drum horse,C2-G2-027.pdf,,application/pdf,51.0504,13.7373,1912.0,Persona parada con caballo,Inglaterra,Fotografía a color de un soldado con un caballo,,En,
28.0,Trooper and Bandsman ,C2-G2-028.pdf,,application/pdf,51.0505,13.7374,1912.0,Dos soldados parados ,Inglaterra,Fotografía a color dos soldados parados,,En,
29.0,Royal Irish Lancers ,C2-G2-029.pdf,,application/pdf,52.2053,0.1218,1912.0,Escuadron de soldados con banderas,Irlanda ,Fotografía a color de escuadron de soldados ,,En,
30.0,Army service corps ,C2-G2-030.pdf,,application/pdf,51.5074,51.5074,1912.0,Dos soldados parados ,Irlanda ,Fotografía a color de dos soldados levantados ,,En,
31.0,Deutsche Armee Kunstler ,C2-G2-031.pdf,,application/pdf,52.52,13.405,1912.0,Soldado montando en caballo ,Berlin,Fotografía a color de soldado montando su caballo,,De,
32.0,Arco della pace ,C2-G2-032.pdf,,application/pdf,45.4064,11.8768,1912.0,Monumento arco de la paz ,"Milan, Italia ",Fotografía sepia de monumento ,,It,
33.0,Torre di S. Gottardo,C2-G2-033.pdf,,application/pdf,45.3989,11.8733,1912.0,Catedral; edificios,"Milan, Italia ",Fotografía sepia de catedral,,It,
34.0,S.Pietro,C2-G2-034.pdf,,application/pdf,45.4069,11.8802,1912.0,Edificio ,"Roma, Italia",Fotografía sepia de edifico ,,It,
35.0,San Giovanni Battista,C2-G2-035.pdf,,application/pdf,43.8158,7.7749,1912.0,Pintura de una persona ,"Sanremo, Italia",Fotografía sepia de pintura ,,It,
36.0,S.Pietro da Porta Cavalleggeri,C2-G2-036.pdf,,application/pdf,43.8113,7.7692,1912.0,Paisaje de edificios ,"Roma, Italia",Fotografía sepia paisaje de edificios ,,It,
37.0,Castel Sant Angelo e Ponte Elio,C2-G2-037.pdf,,application/pdf,41.8545,12.5075,1912.0,Castillo ,"Roma, Italia",Fotografía sepia de castillo italiano,,It,
38.0,Porte Maggiore del duomo,C2-G2-038.pdf,,application/pdf,43.8156,7.7676,1912.0,Puerta principal de edifico ,"Milan, Italia ",Fotografía sepia de puerta ,,It,
39.0,Abside del duomo,C2-G2-039.pdf,,application/pdf,43.8124,7.7731,1912.0,Catedral; edificios,"Milan, Italia ",Fotografía sepia de catedral,,It,
40.0,Arco della pace ,C2-G2-040.pdf,,application/pdf,45.4628,9.1881,1912.0,Monumento arco de la paz ,"Milan, Italia ",Fotografía sepia de monumento,,It,
41.0,Largo Cairolli e Monumento a G. Garibaldi,C2-G2-041.pdf,,application/pdf,45.4595,9.1923,1912.0,Plaza; edificios; monumentos,"Milan, Italia ","Fotografía sepia de plaza central, monumentos ",,It,
42.0,Panorama,C2-G2-042.pdf,,application/pdf,51.5072,0.1276,1912.0,"Ciudad, catedral","Milan, Italia ",Fotografía sepia ciudad con vista a catedral ,,It,
43.0,Piazza Scala e Monumento a Leonardo da Vinci,C2-G2-043.pdf,,application/pdf,51.5073,0.1277,1912.0,"Plaza; edificios, monumentos, peatones","Milan, Italia ","Fotografía sepia de plaza central, monumentos ",,It,
44.0,Duomo - II Coro,C2-G2-044.pdf,,application/pdf,45.4759,9.1722,1912.0,Interior catedral,"Milan, Italia ",Fotografía sepia interior de catedral ,,It,
45.0,El matrimonio de la virgen,C2-G2-045.pdf,,application/pdf,51.5049,0.1342,1912.0,Personas; edificios,"Milan, Italia ",Ilustración sepia de una pintura del matrimonio de la Virgen,,It,
46.0,Urna de los santos ,C2-G2-046.pdf,,application/pdf,53.3498,6.2603,1912.0,Interior; basilica; urna,"Milan, Italia ",Fotografía sepia de la urna de los santos dentro de la Basílica de San Ambrogio,,It,
47.0,Cripta de San Carlo,C2-G2-047.pdf,,application/pdf,51.5074,0.1276,1912.0,Interior; catedral; cripta,"Milan, Italia ",Fotografía sepia de la cripta de San Carlo dentro de catedral,,It,
48.0,La mujer adúltera,C2-G2-048.pdf,,application/pdf,51.5111,0.1319,1912.0,Personas,"Milan, Italia ",Ilustración sepia de una pintura de la mujer adúltera,,It,
49.0,Vista del gran claustro,C2-G2-049.pdf,,application/pdf,52.52,13.405,1912.0,Edificio; personas,"Milan, Italia ",Fotografía sepia de un claustro de grandes dimensiones,,It,
50.0,La virgen y el niño con antonio,C2-G2-050.pdf,,application/pdf,45.4759,9.1722,1912.0,Personas,"Milan, Italia ",Ilustración sepia de una pintura de la Virgen y el niño con Antonio,,It,
51.0,Palacio pretoriano hecho museo nacional,C2-G2-051.pdf,,application/pdf,43.77925,11.24626,1912.0,Edificio,"Florencia, Italia ",Ilustración sepia de palacio pretoriano hecho museo nacional,,It,
52.0,Palacio ricardi,C2-G2-052.pdf,,application/pdf,43.77925,11.24626,1912.0,Edificio,"Florencia, Italia ",Ilustración sepia de palacio ricardi,,It,
53.0,Logia de Santa Maria de la Misericordia,C2-G2-053.pdf,,application/pdf,43.77925,11.24626,1912.0,Edificio,"Florencia, Italia ",Ilustración sepia de la logia de Santa Maria de la Misericordia dicho del bigallo,,It,
54.0,Los milagros de Jesús,C2-G2-054.pdf,,application/pdf,51.5072,0.1276,1912.0,Jesús; personas,"Milan, Italia ",Ilustración sepia de una pintura de los milagros de Jesús,,Es,
55.0,Jesús curando enfermos,C2-G2-055.pdf,,application/pdf,41.9023,12.4565,1912.0,Jesús; personas,"Milan, Italia ",Ilustración sepia de una pintura de Jesús practicando milagros en enfermos,,Es,
56.0,El milagro de la piscina,C2-G2-056.pdf,,application/pdf,41.903,12.4663,1912.0,Jesús; personas,"Milan, Italia ",Ilustración sepia de una pintura de Jesús y sus creyentes en una piscina,,Es,
57.0,Campanario de la catedral,C2-G2-057.pdf,,application/pdf,43.77925,11.24626,1912.0,Catedral; edificios,"Florencia, Italia ",Ilustración sepia del campanario de una catedral en Florencia,,It,
58.0,El paralítico,C2-G2-058.pdf,,application/pdf,45.4649,9.1901,1912.0,Jesús; personas,"Milan, Italia ",Ilustración sepia de una pintura de Jesús curando a un paralítico,,Es,
59.0,Vista del pequeño claustro,C2-G2-059.pdf,,application/pdf,45.4759,9.1722,1912.0,Edificio,"Milan, Italia ",Fotografía sepia de un claustro de pequeñas dimensiones,,It,
60.0,Vistazo a la urna de los santos,C2-G2-060.pdf,,application/pdf,53.3498,6.2603,1912.0,Interior basilica; urna,"Milan, Italia ",Fotografía sepia de la urna de los santos que se encuentra dentro de la Basílica de San Ambrogio,,It,
61.0,Cartuja monumental de Pavía,C2-G2-061.pdf,,application/pdf,45.4064,9.187522,1912.0,Interior edificio; Monumento  ,"Milan, Italia ",Fotografía sepia de la cartuja monumental de Pavía referente a Ludovico Sforza y Beatrice de este,,It,
62.0,Altar de palio,C2-G2-062.pdf,,application/pdf,45.4064,9.187522,1912.0,Interior edificio; Monumento,"Milan, Italia ",Fotografía sepia de la cartuja monumental de Pavía sobre el altar de palio,,It,
63.0,Porción de Stalli del coro,C2-G2-063.pdf,,application/pdf,45.4064,9.187522,1912.0,Interior edificio; Monumento,"Milan, Italia ",Fotografía sepia de la cartuja monumental de Pavía sobre la porción de Stalli del coro,,It,
64.0,Mausoleo de Giovanni Galeazzo,C2-G2-064.pdf,,application/pdf,45.4064,9.187522,1912.0,Interior edificio; Monumento,"Milan, Italia ",Fotografía sepia de la cartuja monumental de Pavía del mausoleo de Giovanni Galeazzo,,It,
65.0,monumento a Garibaldi en el monte janiculo,C2-G2-065.pdf,,application/pdf,41.8545,12.5075,1912.0,Monumento; peatones; caballos; edificios,"Roma, Italia",Fotografía sepia del monumento a Garibaldi en el monte janiculo,,It,
66.0,Gendarme en uniforme completo,C2-G2-066.pdf,,application/pdf,41.902222,12.453333,1912.0,Persona,Ciudad del Vaticano,Ilustración a color de un gendarme de la ciudad del Vaticano vistiendo su uniforme completo,,It,
67.0,Guardia suizo en uniforme bajo,C2-G2-067.pdf,,application/pdf,45.433,12.3257,1912.0,Persona,Ciudad del Vaticano,Ilustración a color de un guardia suizo de la ciudad del Vaticano vistiendo su uniforme bajo,,It,
68.0,El distribuidor,C2-G2-068.pdf,,application/pdf,45.4294,12.3299,1912.0,Persona,Ciudad del Vaticano,Ilustración a color de un distribuidor visitiendo de negro,,It,
69.0,Oficial suizo en uniforme completo,C2-G2-069.pdf,,application/pdf,45.433,12.3257,1912.0,Persona,Ciudad del Vaticano,Ilustración a color de un ofocial suizo de la ciudad del Vaticano vistiendo su uniforme completo,,It,
70.0,Oficial de la guardia suiza en media gala,C2-G2-070.pdf,,application/pdf,45.4294,12.3299,1912.0,Persona,Ciudad del Vaticano,Ilustración a color de un oficial de la guardia suiza en media gala,,It,
71.0,Palacio de doña Ana,C2-G2-071.pdf,,application/pdf,40.85631,14.24641,1912.0,Edificios; personas; barcos,"Nápoles, Italia",Ilustración a color de una pintura del palacio de doña Ana junto al golfo de Nápoles,,It,
72.0,Callejón de la palma,C2-G2-072.pdf,,application/pdf,43.81725,7.7772,1912.0,Edificios; personas,"San Remo, Italia",Ilustración a color de una pintura del callejón de la palma en la ciudad de San Remo,,It,
73.0,Vista del monte epomeo,C2-G2-073.pdf,,application/pdf,40.7379299,13.9486184,1912.0,Personas; barcos; monte,"Isquia, Italia",Ilustración a color de una pintura del monte epomeo a la distancia,,It,
74.0,Familia frente a edificio,C2-G2-074.pdf,,application/pdf,45.4343,12.3388,1912.0,Personas; edificios,"Venecia, Italia",Fotografía en blanco y negro de una familia posando frente a un edificio ,,It,
75.0,La familia real de Italia,C2-G2-075.pdf,,application/pdf,45.4064,9.187522,1912.0,Personas; palomas,"Milan, Italia",Fotografía en blanco y negro de la familia real de Italia,,It,
76.0,La señora y las palomas,C2-G2-076.pdf,,application/pdf,45.4064,9.187522,1912.0,Persona; palomas; edificios,Milan; Italia,Fotografía en blanco y negro de una señora siendo rodeada por palomas frente a un edificio,,It,
77.0,Jardin público,C2-G2-077.pdf,,application/pdf,45.4643,9.1901,1912.0,Personas,"Milan, Italia",Fotografía en blanco y negro de un jardín público con mujeres sentadas en una banca,,It,
78.0,Virgen e hijo de la galeria Pitti,C2-G2-078.pdf,,application/pdf,43.77925,11.24626,1912.0,Virgen; hijo,"Florencia, Italia",Ilustración sepia de una pintura de Van Dyck de la virgen y el hijo parte de la galeria Pitti,,It,
79.0,Niña con bastón,C2-G2-079.pdf,,application/pdf,45.4667,9.1827,1912.0,Persona,"Milan, Italia",Fotografía sepia de una niña sosteniendo un bastón con grandes piedras de fondo,,It,
80.0,Señoras posando con palomas,C2-G2-080.pdf,,application/pdf,45.47,9.195,1912.0,Personas; palomas; edificios,"Milan, Italia",Fotografía en blanco y negro de un par de señoras con palomas posadas en sus brazos ,,It,
81.0,Avenida emperatriz,C2-G2-081.pdf,,application/pdf,43.81725,7.7772,1912.0,Edificios; personas; avenida,"San Remo, Italia",Fotografía blanco y negro de unos niños en la avenida emperatriz,,It,
82.0,Casino municipal,C2-G2-082.pdf,,application/pdf,43.81725,7.7772,1912.0,Casino; edificios,"San Remo, Italia",Fotografía blanco y negro del casino municipal y sus alrededores,,It,
83.0,Vista panorámica de San Remo,C2-G2-083.pdf,,application/pdf,43.81725,7.7772,1912.0,Edificios; puerto,"San Remo, Italia",Fotografía blanco y negro de una vista panorámica de la ciudad de San Remo,,It,
84.0,Hotel royal y su gran parque,C2-G2-084.pdf,,application/pdf,43.81725,7.7772,1912.0,Hotel; edificio,"San Remo, Italia",Fotografía blanco y negro del hotel royal y un vistazo a su parque,,It,
85.0,Cena en el White Star Line,C2-G2-085.pdf,,application/pdf,53.405472,-2.991573,1912.0,Personas,"Liverpool, Inglaterra",Fotografía sepia de ,,It,
86.0,El puerto,C2-G2-086.pdf,,application/pdf,43.81725,7.7772,1912.0,Puerto; barco; edificios,"San Remo, Italia",Fotografía blanco y negro del puerto de San Remo y un barco de gran tamaño,,It,
87.0,Vista panorámica de edificios y hoteles de San Remo,C2-G2-087.pdf,,application/pdf,43.81725,7.7772,1912.0,Edificios; hoteles,"San Remo, Italia",Fotografía blanco y negro de una vista panorámica de la zona hotelera de San Remo,,It,
88.0,Vista a Posillipo,C2-G2-088.pdf,,application/pdf,40.85631,14.24641,1912.0,Edificios,"Nápoles, Italia",Fotografía blanco y negro del barrio de Posillipo,,It,
89.0,Fachada de la iglesia de las SS Nunziata,C2-G2-089.pdf,,application/pdf,44.40478,8.94439,1912.0,Iglesia; caballos; personas,"Génova, Italia",Fotografía blanco y negro de la fachada de la iglesia de las SS Nunziata en Génova,,It,
90.0,Iglesia de la Inmaculada Concepción,C2-G2-090.pdf,,application/pdf,44.40478,8.94439,1912.0,Iglesia; personas; edificios,"Génova, Italia",Fotografía blanco y negro de iglesia de la inmaculada Concepción vista desde la calle,,It,
91.0,Vista general del campo santo,C2-G2-091.pdf,,application/pdf,44.40478,8.94439,1912.0,Cementerio; edificios,"Génova, Italia",Fotografía blanco y negro del campo santo de Génova,,It,
92.0,Vía San Carlo,C2-G2-092.pdf,,application/pdf,40.85631,14.24641,1912.0,Personas; edificios; tranvía,"Nápoles, Italia",Fotografía blanco y negro de la circulación dentro de la vía de San Carlo,,It,
93.0,Rumbo del victorioso Emanuele,C2-G2-093.pdf,,application/pdf,40.85631,14.24641,1912.0,Personas; edificios; tranvía,"Nápoles, Italia",Fotografía blanco y negro del rumbo del victorioso Emanuele por donde pasa un tranvía,,It,
94.0,Plaza de la victora,C2-G2-094.pdf,,application/pdf,40.85631,14.24641,1912.0,Plaza; personas; edificios; tranvía,"Nápoles, Italia",Fotografía blanco y negro de la plaza de la victoria y sus alrededores,,It,
95.0,Hotel Carlton,C2-G2-095.pdf,,application/pdf,48.8716907,2.3018218,1912.0,Hotel; personas; coches; caballos; Arco del Triunfo,"Paris, Francia",Ilustración sepia del hotel carlton en los campos eliseos junto al Arco del Triunfo,,It,
96.0,Palacio de Doña Ana en Posillipo,C2-G2-096.pdf,,application/pdf,40.85631,14.24641,1912.0,Palacio; barcos; edificios,"Nápoles, Italia",Fotografía blanco y negro del palacio de Doña Ana en el barrio de Posillipo ,,It,
97.0,Castillo Marsaglia,C2-G2-097.pdf,,application/pdf,43.81725,7.7772,1912.0,Castillo,"San Remo, Italia",Fotografía blanco y negro del castillo de Marsaglia en San Remo,,It,
98.0,Interior de la iglesia de la Nunziata,C2-G2-098.pdf,,application/pdf,44.40478,8.94439,1912.0,Interior; Iglesia,"Génova, Italia",Ilustración blanco y negro del interior de la iglesia de la Nunziata de Génova,,It,
99.0,Virgen María con el hijo divino dormido,C2-G2-099.pdf,,application/pdf,45.4064,9.187522,1912.0,Virgen María; hijo divino; ángeles,"Milan, Italia ",Ilustración sepia de una pintura de la virgen María y el hijo divino durmiendo en sus brazos con ángeles a su alrededor,,It,
100.0,Monumento de Dante junto a iglesia de San Croce,C2-G2-100.pdf,,application/pdf,43.77925,11.24626,1912.0,Monumento; iglesia; edificios; personas,"Florencia, Italia ",Fotografía en blanco y negro del monumento a dante junto a la iglesia de San Croce en Florencia,,It,
1.0,Tarbes - Les Hautes Pyrénées ,Fotos/1-58.Francia/001.pdf,,application/pdf,43.2331,0.077547,1911.0,Edificio; Altos Pirineos; Patrimonio extinto; Hermanos Labouche ,"Tarbes, Francia ",,,fr,"Oficina postal de la ciudad de Tarbes en los altos Pirineos, foto hecha por los hermanos Labouche , color: Sepia, medidas: 9 x14 cm "
2.0,Château de la Malmaison - Chapelle,Fotos/1-58.Francia/002.pdf,,application/pdf,48.8708,2.166848,1911.0,Castillo; Realeza; Iglesia; Napoléon,"Rueil-Malmaison, Francia",,,fr,"Foto de la fachada trasera de la capilla y el castillo Malmaison en donde vivió la emperatriz Josefina que reinó de 1804 a 1810. Color: sepia, medidas: 9x14cm"
3.0,Le Roi De Rome,Fotos/1-58.Francia/003.pdf,,application/pdf,48.86222222,2.331111111,1911.0,Realeza; HIstoria; Napoleón,"Paris, Francia",,,fr,"Retrato del primer hijo de Napoleón Bonaparte, Napoleon François Joseph Charles , durante su infancia. Probablemente, dentro del Palacio de Tullerías. Color: sepia, medidas: 9x14cm"
4.0,L'Armee Francaise. Compagnie Cycliste en marche.,Fotos/1-58.Francia/004.pdf,,application/pdf,46.768571,2.482407,1911.0,Ejército; Milicia; Guerra,Francia,,,fr,"Compañía ciclista armada de la Primera Guerra Mundial, escuadrón 132. Color: sepia, medidas: 9x14cm"
5.0,L'Armee Français- Artilleriè de Forteresse,Fotos/1-58.Francia/005.pdf,,application/pdf,46.768571,2.482407,1911.0,Ejército; Milicia; Guerra,Francia ,,,fr,"Soldados franceses de la Primera Guerra Mundial en trincheras , fortalezas y escaleras.Color: a color, medidas: 9x14cm"
6.0,Napoleón- Le Retour de l'Ile d'Elbe.,Fotos/1-58.Francia/006.pdf,,application/pdf,45.18694444,5.726388889,1911.0,Pintura; Historia; Napoleón,"Grenoble , Francia",,,fr,"En la imagen se puede apreciar la pintura de Charles de Steuben llamada Napoleón el retorno de la isla de Elba pintada en 1818. En esta pintura se retrata el momento de retorno de Napoleón a Francia tras su destierro en la isla de Elba. Se observa siendo saludado por el coronel Charles François, conde de La Bédoyère, y el séptimo batallón liderado por el. Este hecho histórico ocurrió en Grenoble el 7 de marzo de 1815. Color: sepia, medidas: 9x14cm"
7.0,Waterloo,Fotos/1-58.Francia/007.pdf,,application/pdf,46.768571,2.482407,1911.0,"Napoleón, Ejército; Milicia; Guerra; Waterloo; Historia; Pintura",Francia ,,,fr,"Pintura representativa de la Napoleón en la batalla de Waterloo el 18 de junio de 1815. Color: sepia, medidas: 9x14cm"
8.0,Translation des restes de Napoléon I ,Fotos/1-58.Francia/008.pdf,,application/pdf,48.85341,2.3488,1911.0,"Napoleón, Muerte; París; Realeza","Paris, Francia",,,fr,"El 15 de diciembre de 1840 por orden del rey Felipe, llegaron los restos de Napoleón de Viena a  Paris, Color: sepia y Blanco y negro, medidas: 9x14cm"
9.0,Les Adieux de Fontainebleau,Fotos/1-58.Francia/009.pdf,,application/pdf,48.405,2.7021,1911.0,Batalla; Tratado; Fontainbleau; Historia; Napoleon; ,"Fontainbleau, Francia ",,,fr,"Cuadro del pintor Emile Jean Horace Vernet Las despedidas de Fontainebleau, (20 de abril de 1814), este momento que .Color: sepia, medidas: 9x14cm"
10.0,L’Abdication Napoleon a Fontainbleau,Fotos/1-58.Francia/010.pdf,,application/pdf,48.85341,2.3488,1911.0,Napoleón; Abdicación; Fontainbleau; Historia; Pintura; Tratado de Fontainbleau; 1814; SUPRA Paris,"Paris, Francia ",,,fr,"Cuadro de Napoleón abdicando en Fontainbleau en 1814. En este suceso histórico Napoleón renuncio a su poder y anuncio su exilio a la Isla de Elba. Edición artística ""SUPRA ""Paris. Color: sepia, medidas: 9x14cm"
11.0,"Lettre de Josephine,divorce",Fotos/1-58.Francia/011.pdf,,application/pdf,46.768571,2.482407,1911.0,Carta; Josephine; Divorcio; Napoleón ,Francia,,,fr,"Carta de Josephine aceptando el divorcio de Napoleón I. Color: sepia, medidas: 9x14cm"
12.0,Testament de Napoléon 1er,Fotos/1-58.Francia/012.pdf,,application/pdf,48.85341,2.3488,1911.0,Testamento de Napoleón; Archivos Nacionales; Armario de Hierro; Paris,París; Francia,,,fr,"Testamento de Napoleón I conservado en el armario de hierro. Actualmente se encuentra bajo el resguardo de los Archivos Nacionales de París. El armario de hierro era un lugar secreto donde se guardaban asuntos secretos nacionales.  Color: sepia, medidas: 9x14cm"
13.0,Hôtel Gaisson,Fotos/1-58.Francia/013.pdf,,application/pdf,43.60426,1.44367,1911.0,Hotel Gassion; Hotel de Lujo; Toulouse,"Toulouse, Francia",,,fr,"Foto del Hotel de lujo Gassion en el distrito de Pau., el cual  es un símbolo de la alta sociedad y fue abierto en 1872. Color: sepia, medidas: 9x14cm"
14.0,Château de la Malmaison- Allée de l'Exil,Fotos/1-58.Francia/014.pdf,,application/pdf,48.8708,2.166848,1911.0,Castillo Malmaison; Emperatriz Josefina; Napoleón,"Rueil-Malmaison, Francia",,,fr,"Castillo Malmaison en donde vivió la emperatriz Josefina tras haberse divorciado y murió ahí en 1814. Color: sepia, medidas: 9x14cm"
15.0,A St. Hélène le Rêve ,Fotos/1-58.Francia/015.pdf,,application/pdf,-15.95,-5.716667,1911.0,Isla Santa Elena; Napoleón; El Sueño; Obra de arte; Exilio; El sueño en Santa Elena,"Isla de Santa Elena, Francia",,,fr,"Pintura de Napoleón teniendo un sueño durante su exilio en la Isla de Santa Elena. Color: sepia, medidas: 9x14cm"
16.0, Le Mariage de Napoleón et de Marie Louise,Fotos/1-58.Francia/016.pdf,,application/pdf,48.861028,2.335886,1911.0,Matrimonio de Napoleón; Realeza; Louvre; Palacio; Napoleon; María Luisa; Rouget; Pintura,"Paris, Francia",,,fr,"Pintura del matrimonio de Napoleón Bonaparte con la archiduquesa María Luisa de Austria en el palacio de Louvre el 2 de abril de 1810 según a como lo describió el militar Rouget. Color: sepia, medidas: 9x14cm"
17.0,Napoléon à Waterloo,Fotos/1-58.Francia/017.pdf,,application/pdf,46.768571,2.482407,1911.0,Napoleón; Waterloo; Batalla de Waterloo; Litografía; Raffet; 18 de junio de 1815,Francia ,,,fr,"Litografía de Napoleón en la Batalla de Waterloo el 18 de junio de 1815 hecha por Augusto Raffet. Color: sepia, medidas: 9x14cm"
18.0,Napoléon à la tête de ses Escadrons,Fotos/1-58.Francia/018.pdf,,application/pdf,48.85341,2.3488,1911.0,Salones de París; Waterloo; Víspera Batalla de Waterloo; Guerra; Ejército; Milicia; Napoleón; Inglaterra; Francia,"París, Francia ",,,fr; de; en; es; ru; it,"Postal de los Salones de París. En ella se muestra una pintura hecha por Henri Charlie de la víspera de la batalla de Waterloo, mostrando a Napoleón al frente de sus escuadrones de servicio, dando caza al ejército Inglés. - Foto ND. Color: sepia, medidas: 9x14cm"
19.0,Passage de la Beresina,Fotos/1-58.Francia/019.pdf,,application/pdf,46.768571,2.482407,1911.0,Ejército; Milicia; Guerra; Invasión napoleónica a rusia; Napoleón; Batalla del Bezina; Bezina; Derrota,Francia,,,fr; de,"Imagen que retrata el cruce  del río Berezina, el paso de la Berezina o mejor conocida como la batalla del Berizina, cuando el ejército napoleónico invadió territorio ruso pero terminó retirándose y el 14 de diciembre de 1812 se retiro del suelo ruso, .Color: sepia, medidas: 9x14cm"
20.0,Matin de Waterloo,Fotos/1-58.Francia/020.pdf,,application/pdf,46.768571,2.482407,1911.0,Waterloo; Ejército; Milicia; Napoleón; Batalla de Waterloo,Francia,,,fr,"Napoleón dirigiendo por la mañana a sus tropas en Waterloo. Color: sepia, medidas: 9x14cm"
21.0,Innsbruck gegen süden ,Fotos/1-58.Francia/021.pdf,,application/pdf,47.268333,11.393333,1911.0,Austria; Ciudad; Paisaje; Alpes ,"Innsbruck, Austria",,,de,"Paisaje de la ciudad de Innsbruck con vista hacia al sur dejando ver los Alpes. Color: sepia, medidas: 9x14cm"
22.0,L'Empereur Napoléon à tous les àges,Fotos/1-58.Francia/022.pdf,,application/pdf,46.768571,2.482407,1911.0,Napoleón; Batalla de Moskowa; Carle-Vernet; Litografía,Francia,,,fr,"Litografía hecha  por Carle-Vernet representando a Napoleón a diferentes edades en la batalla de Moskowa de 1812, teniendo como figura principal a su o de 43 años de ese entonces. Color: sepia, medidas: 9x14cm"
23.0,Napoléon abandonne le Kremlin Moscou ,Fotos/1-58.Francia/023.pdf,,application/pdf,46.768571,2.482407,1911.0,Maurice Henri; Napoleón; Invasión Rusa; Kremlin; Moscú; Incendio de Moscú; Ejército; Rusia; Francia; Retirada; Pintura,Francia,,,fr; en; de; ru; es; it,"Pintura de Maurice Henri de 1813 que retrata el momento en el que Napoleón abandona el Kremlin de Moscú. Este evento sucedió debido  el incendio de Moscú  provocado por ejercito ruso durante la invasión napoleónica a Rusia ocurrida en 1812. Color: sepia, medidas: 9x14cm"
24.0,St. Therese de L'Enfant-Jésus- première communiante,Fotos/1-58.Francia/024.pdf,,application/pdf,46.768571,2.482407,1911.0,Retrato; Santa Teresa del niño de Jesús; Pintura; Religión; Primera Comunión; Monja; Doctora de la Iglesia,Francia,,,fr; en,"Retrato de Santa Teresa del Niño Jesús y de la Santa Faz, el día de su Primera Comunión. Santa Teresa es una monja que fue considerada por el papa Pío X  ""La Santa más grande de los tiempo modernos"" aunque se le conoce tambien como Santa Teresita. Nació en Normandía el 2 de enero de 1873 y murió el 30 de septiembre de 1897 a los 24 años por tuberculosis. En 1997 fue declarada doctora de la iglesia por el papa Juan Pablo II. Color: sepia, medidas: 9x14cm"
25.0,Napoleón en Santa Helena,Fotos/1-58.Francia/025.pdf,,application/pdf,48.85341,2.3488,1911.0,Napoleón; Exilio; Santa Elena; Mar; Isla; Litografía,"París, Francia",,,fr,"Litografía a color de Napoleón observando el mar desde su exilio en Santa Elena. Color: a color, medidas: 9x14cm"
26.0,Rey José I Bonaparte de España,Fotos/1-58.Francia/026.pdf,,application/pdf,48.804806,2.120333,1911.0,Rey de España; Versalles,"Versalles, Francia",,,fr,"Retrato del Rey José I Bonaparte de España. Color: sepia, medidas: 9x14cm"
27.0,Napoleon - La Retraite de Russie.,Fotos/1-58.Francia/027.pdf,,application/pdf,46.768571,2.482407,1911.0,Retirada de Rusia; Napoleón; Moscú; Derrota; Invasión a Rusia,Francia,,,fr,"Litografía retirada de Napoleón y su ejército del territorio  ruso. Color: sepia, medidas: 9x14cm"
28.0,Château de la Malmaison-  La salle de billard,Fotos/1-58.Francia/028.pdf,,application/pdf,48.8708,2.166848,1911.0,Castillo Malmaison; Emperatriz Josefina; Napoleón; Sala de billar; El primer Consúl; tapicería; Beauvais,"Rueil-Malmaison, Francia",,,fr,"Castillo de la Malmaison. Sala de billar de la antigua residencia de la emperatriz Joséfina. Sala ""El primer cónsul"" con tapicería de Beauvais. Color: sepia, medidas: 9x14cm"
29.0,Evreux -l'Hostellerie du Grand Cerf,Fotos/1-58.Francia/029.pdf,,application/pdf,49.023333,1.1525,1911.0,Potinière; Posada del Gran Ciervo; Hotel; Restaurante; Evreux;  Normandía; Jardín de té: Aire libre,"Erveux, Francia",,,fr,"Potinière ubicada en el patio de la posada del Gran Ciervo que es un hotel y restaurante localizada en la ciudad de Evreux en Normandía. Potinière es un término francés que se refiere a un jardín de té o un lugar donde se sirven bebidas y aperitivos al aire libre. . Color: sepia, medidas: 9x14cm"
30.0,Nice - La Cascade du Château,Fotos/1-58.Francia/030.pdf,,application/pdf,43.6921,7.2796,1911.0,Cáscada; Nice; Castillo; Fotografía,"Nice, Francia",,,fr,"Vista desde la ciudad de la cascada espléndida del castillo de la ciudad de Nice. Color: sepia, medidas: 9x14cm"
31.0,Nice- Hôtel de la Méditerranée,Fotos/1-58.Francia/031.pdf,,application/pdf,43.6952,7.26313,1911.0,Hotel mediterráneo; Nice; Fachada; Fotografía,"Nice, Francia",,,fr,"Fachada del Hotel Mediterráneo de Nice. Color: sepia, medidas: 9x14cm"
32.0,Nice - Hall de l'Hôtel de la Méditerranée,Fotos/1-58.Francia/032.pdf,,application/pdf,43.6952,7.26313,1911.0,Hotel mediterráneo; Nice; Lobby; Recepción; Fotografía,"Nice, Francia",,,fr,"Sala de recepción del Hotel de Mediterráneo. Color: sepia, medidas: 9x14cm"
33.0,Château de la Malmaison- Voiture du Mariage de Napoléon & Joséphine,Fotos/1-58.Francia/033.pdf,,application/pdf,48.8708,2.166848,1911.0,Castillo de la Malmaison; Boda; Napoleón; Josefina; Carruaje; Litografía,"Rueil-Malmaison, Francia",,,fr,"Castillo de la Malmaison. Litografía de Napoleón I con Josefina dentro de su carruaje de bodas. Color: blanco y negro, medidas: 9x14cm"
34.0,Château de la Malmaison- Le Salon,Fotos/1-58.Francia/034.pdf,,application/pdf,48.8708,2.166848,1911.0,Castillo de la Malmaison; Napoleón; Josefina; Fotografía; Salón,"Rueil-Malmaison, Francia",,,fr,"Castillo de la Malmaison, Salón de la antigua residencia de la emperatriz Josefina. Color: sepia, medidas: 9x14cm"
35.0,Château de la Malmaiso- Salle à Manger,Fotos/1-58.Francia/035.pdf,,application/pdf,48.8708,2.166848,1911.0,Castillo de la Malmaison; Napoleón; Josefina; Fotografía; Comedor,"Rueil-Malmaison, Francia",,,fr,"Castillo de la Malmaison, Comedor de la antigua residencia de la emperatriz Josefina. Color: sepia, medidas: 9x14cm"
36.0,Château de la Malmaison-  La Chapelle,Fotos/1-58.Francia/036.pdf,,application/pdf,48.8708,2.166848,1911.0,Castillo de la Malmaison; Napoleón; Josefina; Fotografía; Capilla,"Rueil-Malmaison, Francia",,,fr,"Castillo de la Malmaison, Capilla de la antigua residencia de la emperatriz Josefina. Color: sepia, medidas: 9x14cm"
37.0,Château de la Malmaison - Ecran brodé par l'Impératrice Joséphine,Fotos/1-58.Francia/037.pdf,,application/pdf,48.8708,2.166848,1911.0,Castillo de la Malmaison; Napoleón; Josefina; Fotografía; Biombo bordado; Emperatriz,"Rueil-Malmaison, Francia",,,fr,"Castillo de la Malmaison. Biombo bordado de la emperatriz Josefina. Color: sepia, medidas: 9x14cm"
38.0,Château de la Malmaison - Trône de Napoléon 1er,Fotos/1-58.Francia/038.pdf,,application/pdf,48.8708,2.166848,1911.0,Castillo de la Malmaison; Napoleón; Josefina; Fotografía; Trono de Napoleón,"Rueil-Malmaison, Francia",,,fr,"Castillo de la Malmaison. Color: sepia, medidas: 9x14cm"
39.0,Vizir et Chien de Napoléon à l'Ile d'Elbe.,Fotos/1-58.Francia/039.pdf,,application/pdf,48.8535,2.3128,1911.0,Sala Louvois; Museo del Ejército; Vizir; caballo; Napoleón; Perro; Isla de Elba,"París, Francia",,,fr,"Sala Louvois del Museo del Ejército. Fotografía de del caballo y perro de Napoleón disecados. El caballo se llama ""Vizir” fue donado por ""el Sultán"" en 1805 y el perro  de Napoleón es el que tuvo durante su época en la Isla de Elba. Color: sepia, medidas: 9x14cm"
40.0,Royan - Vailieres,Fotos/1-58.Francia/040.pdf,,application/pdf,45.900278,5.936111,1911.0,Rocas independientes; Vailieres; Alrededores de Royan. Edición Nuevas Galerías,"Royan, Francia",,,fr,"Foto del conjunto de Rocas independientes en Vailieres, que se encuentra cerca de los alrededores de Royan. Edición Nuevas Galerías. Color: sepia, medidas: 9x14cm"
41.0,Tarbes - Sortie des Ouvriers de l'Arsenal,Fotos/1-58.Francia/041.pdf,,application/pdf,43.2376,0.0774,1911.0,Edificio; Altos Pirineos; Patrimonio extinto; Hermanos Labouche; Arsenal,"Tarbes, Francia ",,,fr,"Salida de los trabajadores del Arsenal de Tarbes en los Altos Pirineos. Color: sepia, medidas: 9x14cm"
42.0,Pontaillac - La Plage.,Fotos/1-58.Francia/042.pdf,,application/pdf,45.626744,-1.0517756,1911.0,Playa; Pontaillac,"Pontaillac, Francia",,,fr,"Imagen de gente en la playa de Pontaillac. Color: sepia, medidas: 9x14cm"
43.0,Royan - Le Casino Municipal,Fotos/1-58.Francia/043.pdf,,application/pdf,45.623056,-1.043056,1911.0,Casino; Royan; Edición Nuevas Galerías,"Royan, Francia",,,fr,"Casino municipal de la ciudad de Royan. Edición Nuevas Galerías. Color: sepia, medidas: 9x14cm"
44.0,Royan - Le Boulevard Saint-Georges,Fotos/1-58.Francia/044.pdf,,application/pdf,45.623056,-1.043056,1911.0,Royan; Edición Nuevas Galerías; Bulevar Saint Georges,"Royan, Francia",,,fr,"Bulevar Saint-Georges. Edición Nuevas Galerías. Color: sepia, medidas: 9x14cm"
45.0,Royan- Le Casino Municipal vu de la Mer,Fotos/1-58.Francia/045.pdf,,application/pdf,45.623056,-1.043056,1911.0,Royan; Edición Nuevas Galerías; Casino,"Royan, Francia",,,fr,"Casino Municipal de Royan visto desde el Mar. Nueva Edición Galerías. Color: sepia, medidas: 9x14cm"
46.0,Royan - Le Casino de Foncillon,Fotos/1-58.Francia/046.pdf,,application/pdf,45.623056,-1.043056,1911.0,Royan; Edición Nuevas Galerías; Casino de Foncillon,"Royan, Francia",,,fr,"El Casino de Foncillon. Edición Nuevas Galerías. Color: sepia, medidas: 9x14cm"
47.0,La Dernière Revue - H. Vernet.,Fotos/1-58.Francia/047.pdf,,application/pdf,46.768571,2.482407,1911.0,Retirada Waterloo; Ejército; MIlicia; Francia; Horace Vernet; Napoleón,Francia,,,fr,"""El último desfile"" , cuadro del artista francés Horace Vernet, pintado en 1815. El cuadro representa la retirada del ejército francés tras la batalla de Waterloo. Esta escena marca el final del reinado de Napoleón Bonaparte y el comienzo de la restauración de la monarquía en Francia. Color: blanco y negro, medidas: 9x14cm"
48.0,Exercice d'assouplissement. LV & CIS,Fotos/1-58.Francia/048.pdf,,application/pdf,46.768571,2.482407,1911.0,Entrenamiento; Ejército; MIlicia; Francia; Napoleón; Exercice d'assouplissement; LV & CIS,Francia,,,fr,"Método de entrenamiento físico usado por el ejército francés para mejorar la fuerza, la flexibilidad y la agilidad de los soldados. Color: a color, medidas: 9x14cm"
49.0,"L'Empereur Napoléon reçoit au Palais des Tuileries, la Comtesse de Bonchamps",Fotos/1-58.Francia/049.pdf,,application/pdf,48.804806,2.120333,1911.0,Palacio de Tullerías; Museode Versalles; Versalles; Napoleón; Condesa Bonchamps; Legrip,"Versalles, Francia",,,fr,"Pintura ""L'Empereur Napoléon reçoit au Palais des Tuileries, la Comtesse de Bonchamps"" de F. Legrip fue realizada en 1808 y representa la escena en la que Napoleón recibe a la condesa de Bonchamps en el Palacio de las Tullerías. Color: sepia, medidas: 9x14cm"
50.0,Sainte Therese de L'Enfant-Jésus- crucifix de roses,Fotos/1-58.Francia/050.pdf,,application/pdf,46.768571,2.482407,1911.0,Pintura; Santa Teresa del niño de Jesús; Retrato; Religión; Monja; Monja Carmelita; Crucifijo; Rosas; Maurice Denis,Francia,,,fr,"Pintura y retrato de ""Santa Teresa del Niño Jesús cubriendo su crucifijo con rosas"", también conocida como ""Quiero pasar mi cielo haciendo el bien en la tierra"", por  Maurice Denis en 1901. Color: sepia, medidas: 9x14cm"
51.0,L'Armee Français.Artillerie de Forteresse,Fotos/1-58.Francia/051.pdf,,application/pdf,46.768571,2.482407,1911.0,Artillería; Ejército Francés; Milicia; Litografía; 95 mm; Soldados; Guerra,Francia,,,fr,"La litografía hecha a principios del siglo XX, muestra una batería de artillería de 95 mm, una de las armas utilizadas por el ejército francés en la época. La imagen representa un momento en el que la artillería estaba siendo modernizada y mejorada en preparación para una posible guerra. Color: a color, medidas: 9x14cm"
52.0,Johann Strauss-Monument im Stadtpark,Fotos/1-58.Francia/052.pdf,,application/pdf,48.2038,16.3791,1911.0,Monumento; Johann Strauss; Viena; Stadtpark; Parque; Hermanos Kohn Viena 1,"Viena, Aistria",,,de; fr; en ,"Foto del Monumento a Johann Strauss en el parque citadino de Viena. Color: sepia, medidas: 9x14cm"
53.0,Le Bataille de Friedland,Fotos/1-58.Francia/053.pdf,,application/pdf,46.768571,2.482407,1911.0,Batalla de Friedland; Victoria; Horace Vente; Napoleón; Guerra Prusia; Emperador,Francia,,,fr,"""La Batalla de Friedland"" por el pintor Horace Vente, muestra el momento de la victoria de Napoleón en Friedland que le ayudo a consolidar su poder como emperador en Europa. Color: sepia, medidas: 9x14cm"
54.0,Eugène de Beauharnois,Fotos/1-58.Francia/054.pdf,,application/pdf,46.768571,2.482407,1911.0,Eugéne de Beauharnais; Vizconde; Paris; Nobleza; Heredero presunto de Italia; Napoleón ,"París, Francia",,,fr,"En la postal se lee "" EUGÈNE DE BEAUHARNAIS. Nació en París en 1781. Hijo del vizconde de Beauharnais y de Joséphine Tascher de la Pagerie (más tarde emperatriz de los franceses). Cuando Bonaparte se casó con su madre (1796), desempeñó un papel importante, se convirtió sucesivamente en general, príncipe (1804) y virrey de Italia (1805). En 1806, se casó con la princesa Amélie, hija del rey de Baviera, y fue reconocido por Napoleón como el heredero presunto de la corona de Italia. Se cubrió de gloria durante las guerras del Imperio y se negó a separar su causa de la del emperador. Después de la caída del Imperio, se retiró con su suegro, con el título de duque de Leuchtenberg, y murió en Munich en 1824."". Color: blanco y negro, medidas: 9x14cm"
55.0,Paris- Zeppelin,Fotos/1-58.Francia/055.pdf,,application/pdf,48.8535,2.3128,1911.0,Ataques aéreos; Zepelines alemanes; París; Primera Guerra Mundial; Piratas boches,"París, Francia ",,,fr,"""LOS ZEPPELINES SOBRE PARÍS: CRÍMENES ODIOSES DE LOS PIRATAS BOCHES. Lado de la casa derrumbado. ELD Visé, París "" Ataques de Zepelines aéreos alemanes en Francia durante la Primera Guerra Mundial. En la postal se muestra específicamente la foto de una casa que fue destruida durante los ataques a la capital. Se usa la expresión ""Piratas Boche"" que se refiere a la manera en la que los franceses veían a los alemanes durante la época. Color: sepia, medidas: 9x14cm"
56.0,Brabant-Le-Roi- Zeppelin,Fotos/1-58.Francia/056.pdf,,application/pdf,48.845556,4.983056,1911.0,Ataques aéreos; Zepelin; Alemania; Barbant le roi; Primera Guerra Mundial; Sección de Autocañones de Revigny; Visé,"Barbant-le-Roi, Francia",,,fr,"""Brabant-Le-Roi (Meuse) Un artefacto de los asesinos alemanes - Derribado el 21 de febrero de 1916; a las 20:47, por la Sección de Autocañones de Revigny. MOTOR DEL ZEPPELIN I. Z. 77. Visé, París."" Como se lee en la frase traducida anterior en la imagen se ve una foto de un Zepelín Alemán que fue derribado el 21 de febrero de 1916 durante la Primera Guerra Mundial en la localidad de Barbant-le-Roi en Francia  por la Sección de Autocañones de Revigny. Además, se especifica que se recuperó el motor del zeppelín derribado y que se envió a Visé, una ciudad en Bélgica ocupada por los alemanes, posiblemente para ser analizado o investigado. Color: sepia, medidas: 9x14cm"
57.0,L'armée  Française - Artillerie de F,Fotos/1-58.Francia/057.pdf,,application/pdf,46.768571,2.482407,1911.0,Milicia; Francia; Soldados; ,Francia,,,fr,"Soldados franceses con artillería. Color: a color, medidas: 9x14cm"
58.0,Tarbes - Le Grand Hotel Moderne,Fotos/1-58.Francia/058.pdf,,application/pdf,43.23333,0.08333,1911.0,Gran hotel moderno; Tarbes; Altos Pirineos; Francia; Hermanos Labouche ,"Tarbes, Francia ",,,fr,"Fachada del Gran Hotel Moderno en los Altos Pirineos de la región de Tarbes. Fototipo hecho por los Hermanos Labouche. Color: sepia, medidas: 9x14cm"
59.0,Kaisergruft bei den PP. Kapuzinern. Napoleon I und Familie,Fotos/59-83.Austria/059.pdf,,application/pdf,48.205722,16.367222,1911.0,Cripta Imperial; Cripta de los capuchinos; Imperio Sacro Romano germánico; Habsburgo; Familia Imperial; Sepultura; Sarcófago imperial; Editorial Tyrolia,"Viena, Austria ",,,de,"Foto en la Cripta imperial o de los Capuchinos, de los sarcófagos de Napoléon II, hijo de Napoléon I; el emperador Francisco I de Austria y Maria Luisa, esposa de Napoléon I. Postal hecha por la Librería  Tyrolia. Color: sepia, medidas: 9x14cm"
60.0,Kaisergruft bei den PP. Kapuzinern. Doppelsarkophag Franz I. ,Fotos/59-83.Austria/060.pdf,,application/pdf,48.205722,16.367222,1911.0,Cripta Imperial; Cripta de los capuchinos; Imperio Sacro Romano germánico; Habsburgo; Familia Imperial; Sepultura; Sarcófago imperial; Editorial Tyrolia,"Viena, Austria ",,,de,"Imagen del sarcófago doble donde descansan la emperatriz  María Teresa I y su esposo, el emperador Francisco primero del antiguo Sacro imperio Romano germánico,  junto al ataúd de su hijo y  predecesor, José II. La foto se hizo dentro  de la Cripta imperial de Viena, también conocida como la  cripta de los Capuchinos, por almacenar en su gran mayoría a los descendientes de la casa de Habsburgo. Postal hecha por la librería e imprenta Tyrolia. Color: sepia, medidas: 9x14cm "
61.0,Die Universität Wien,Fotos/59-83.Austria/061.pdf,,application/pdf,48.213056,16.359722,1911.0,"Viena, Hermanos Kohn Viena 1; Universidad de Viena","Viena, Austria ",,,de; fr; en,"Fachada de la Universidad de Viena. Colección de la casa editorial de  los Hermanos Kohn Viena 1. Color: sepia, medidas: 9x14cm"
62.0,Prater Hauptallee. Wien,Fotos/59-83.Austria/062.pdf,,application/pdf,48.216111,16.395556,1911.0,"Viena, Hermanos Kohn Viena 1;  Parque Prater; Avenida","Viena, Austria ",,,de; fr; en,"Foto del la principal avenida que cruza el famoso parque del Prater en Viena. Colección de la casa editorial de  los Hermanos Kohn Viena 1. Color: sepia, medidas: 9x14cm"
63.0,Rathaus Wien,Fotos/59-83.Austria/063.pdf,,application/pdf,48.2108,16.3574,1911.0,"Viena, Hermanos Kohn Viena 1; Ayuntamiento","Viena, Austria ",,,de; fr; en,"Fachada principal del Ayuntamiento de Viena. Colección de la casa editorial de  los Hermanos Kohn Viena 1. Color: sepia, medidas: 9x14cm"
64.0,Oper Wien,Fotos/59-83.Austria/064.pdf,,application/pdf,48.203333,16.369167,1911.0,"Viena, Hermanos Kohn Viena 1; Casa de opera","Viena, Austria ",,,de; fr; en,"Fachada principal del edificio de la actual  Opera  estatal de Viena, durante la Segunda Guerra Mundial se incendio uno de los escenario principales. Colección de la casa editorial de  los Hermanos Kohn Viena 1. Color: sepia, medidas: 9x14 cm"
65.0,Burg Wien,Fotos/59-83.Austria/065.pdf,,application/pdf,48.206389,16.365278,1911.0,"Viena, Hermanos Kohn Viena 1; Palacio Imperial; Hofburg; Edad Media; Habsburgo; Realeza","Viena, Austria ",,,de; fr; en,"Palacio imperial de Hofburg, el cual es el mas grande de la ciudad y fue construido en la tardía Edad Media. Era hogar de la realeza austriaca y principalmente de la casa de los Habsburgo, en la cual vivieron por más de 600 años. Colección de la casa editorial de  los Hermanos Kohn Viena 1. Color: sepia, medidas: 9x14cm"
66.0,Stefansdom Wien,Fotos/59-83.Austria/066.pdf,,application/pdf,48.208427,16.373256,1911.0,"Viena, Hermanos Kohn Viena 1; Catedral; catedral San Esteban; Religión; Iglesia","Viena, Austria ",,,de; fr; en,"Catedral de San Esteban de Viena. Colección de la casa editorial de  los Hermanos Kohn Viena 1. Color: sepia, medidas: 9x14cm"
67.0,Burgtheater Wien,Fotos/59-83.Austria/067.pdf,,application/pdf,48.210278,16.361389,1911.0,"Viena, Hermanos Kohn Viena 1; Teatro Imperial: María Teresa I","Viena, Austria ",,,de; fr; en,"Imagen de la fachada del nuevo Teatro imperial de Viena construido en 1888, el original fue construido por orden de la emperatriz María Teresa I y su hijo  el emperador José II lo llamaba el ""Teatro Nacional Alemán"" en 1776. Colección de la casa editorial de  los Hermanos Kohn Viena 1. Color: sepia, medidas: 9x14cm"
68.0,Museum Wien,Fotos/59-83.Austria/068.pdf,,application/pdf,48.203802,16.361787,1911.0,"Viena, Hermanos Kohn Viena 1; Museo","Viena, Austria ",,,de; fr; en,"Museo de Historia del Arte de Viena. Colección de la casa editorial de  los Hermanos Kohn Viena 1. Color: sepia, medidas: 9x14cm"
69.0,Schloss Schönbrunn: Salón Azul,Fotos/59-83.Austria/069.pdf,,application/pdf,48.18479,16.31227,1911.0,Palacio de Schönbrunn; interior; Colección Instituto geográfico de Viena,"Viena, Austria ",,,de,"Foto del antiguo salón azul o salón chino dentro del Palacio en Viena de Schönbrunn. En este lugar el emperador Carlos I traslado el mando de los negocios gubernamentales al recién fundado gobierno republicano. Colección Instituto geográfico de Viena.Color: sepia, medidas: 9x14cm"
70.0,Schloss Schönbrunn: Duque de Reichstadt,Fotos/59-83.Austria/070.pdf,,application/pdf,48.18479,16.31227,1911.0,Palacio de Schönbrunn; Napoleón; El rey de Roma; Duque de Reichstadt; Historia; Imperio; Napoleón IIColección Instituto geográfico de Viena,"Viena, Austria ",,,de,"Pintura del Duque de Reichstadt único heredero de Napoleon I. Nació el 20 de Marzo de 1811 y murió el 22 de julio de 1832 en este mismo palacio, el Palacio de Schönbrunn. Colección Instituto geográfico de Viena.Color: sepia, medidas: 9x14cm"
71.0,Schloss Schönbrunn: Mesa de la corte ,Fotos/59-83.Austria/071.pdf,,application/pdf,48.18479,16.31227,1911.0,Palacio de Schönbrunn; interior; Colección Instituto geográfico de Viena; Francisco José I; Gran Galería; Mesa; Corte imperial,"Viena, Austria ",,,de,"Mesa de la corte  imperial puesta, correspondiente al periodo en el que el emperador Francisco José I vivió. Esta mesa se encuentra en la gran galería dentro del palacio de Schönbrunn. Colección Instituto geográfico de Viena.Color: sepia, medidas: 9x14cm"
72.0,Schloss Schönbrunn: Gabinete Chino Redondo,Fotos/59-83.Austria/072.pdf,,application/pdf,48.18479,16.31227,1911.0,Palacio de Schönbrunn; interior; Colección Instituto geográfico de Viena,"Viena, Austria ",,,de,"Gabinete Chino Redondo. Recubierto con paneles de lacado antiguo y decorado accesorios de porcelana china y japonesa. Durante la época de  María Teresa  se usó este cuarto como salón de despensa .Palacio de Schönbrunn. Colección Instituto geográfico de Viena.Color: sepia, medidas: 9x14cm"
73.0,Schloss Schönbrunn: Cuarto de María Antonieta ,Fotos/59-83.Austria/073.pdf,,application/pdf,48.18479,16.31227,1911.0,"Palacio de Schönbrunn; Colección Instituto geográfico de Viena; María Antonieta; Cuarto; Francisco I, Emperador de Austria; Retrato; Orden del Toisón de Oro","Viena, Austria ",,,de,"Foto del Cuarto de María Antonieta en el Palacio de Schönbrunn en donde se encuentra un retrato de tamaño real del emperador Francisco I de Austria con su atuendo de la Orden del Toisón de Oro . Colección Instituto geográfico de Viena.Color: sepia, medidas: 9x14cm"
74.0,"Schloss Schönbrunn: Presbiterio de la Capilla ""La boda de María""",Fotos/59-83.Austria/074.pdf,,application/pdf,48.18479,16.31227,1911.0,Palacio de Schönbrunn; interior; Colección Instituto geográfico de Viena; Capilla; Boda; María; Religión; Consagrar; Presbiterio,"Viena, Austria ",,,de,"Foto de vista al presbiterio de la capilla del castillo, consagrada a la ""Boda de María"" .Palacio de Schönbrunn. Colección Instituto geográfico de Viena.Color: sepia, medidas: 9x14cm"
75.0,Schloss Schönbrunn: Mesa de la Corte ,Fotos/59-83.Austria/075.pdf,,application/pdf,48.18479,16.31227,1911.0,Palacio de Schönbrunn; interior; Colección Instituto geográfico de Viena; Francisco José I; Gran Galería; Mesa; Corte imperial,"Viena, Austria ",,,de,"Foto de la mesa de la corte  puesta desde otro angulo, correspondiente al periodo en el que el emperador Francisco José I vivió. Esta mesa se encuentra en la gran galería dentro del palacio de Schönbrunn. Colección Instituto geográfico de Viena.Color: sepia, medidas: 9x14cm"
76.0,Schloss Schönbrunn: Cuarto de Napoleón,Fotos/59-83.Austria/076.pdf,,application/pdf,48.18479,16.31227,1911.0,Palacio de Schönbrunn; Napoleón; Cuarto de Napoleón; Duque de Reichstadt; Hijo de Napoleón; Muerte ; El rey de Roma; Colección Instituto geográfico de Viena,"Viena, Austria ",,,de,"Cuarto de Napoleón donde el emperador vivió de 1805 a 1809 y donde su hijo el Duque de Reichstadt murió en 1832.Palacio de Schönbrunn. Colección Instituto geográfico de Viena.Color: sepia, medidas: 9x14cm"
77.0,"Schloss Schönbrunn: Feligresía de la Capilla ""La boda de María""",Fotos/59-83.Austria/077.pdf,,application/pdf,48.18479,16.31227,1911.0,Palacio de Schönbrunn; interior; Colección Instituto geográfico de Viena; Feligresía,"Viena, Austria ",,,de,"Foto de vista a la feligresía de la capilla del castillo, consagrada a la ""Boda de María"" .Palacio de Schönbrunn. Colección Instituto geográfico de Viena.Color: sepia, medidas: 9x14cm"
78.0,Schloss Schönbrunn: Cuarto de los emperadores Francisco José I y Elisabeth,Fotos/59-83.Austria/078.pdf,,application/pdf,48.18479,16.31227,1911.0,Palacio de Schönbrunn; interior; Colección Instituto geográfico de Viena; Matrimonio Imperial; Cuarto; Emperador; Emperatriz; Francisco José I; Elisabeth,"Viena, Austria ",,,de,"Cuarto conjunto de los emperadores Francisco José I y la emperatriz Elisabeth Palacio de Schönbrunn. Colección Instituto geográfico de Viena.Color: sepia, medidas: 9x14cm"
79.0,Schloss Schönbrunn: Sala de Tapices,Fotos/59-83.Austria/079.pdf,,application/pdf,48.18479,16.31227,1911.0,Palacio de Schönbrunn; interior; Colección Instituto geográfico de Viena; Tapices; Salon de gobelin ,"Viena, Austria ",,,de,"Salón Gobelin o sala de los tapices, tanto las paredes como los muebles fueron recubiertos con tapices de Bruselas, estos fueron  traídos en el siglo 18, .Palacio de Schönbrunn. Colección Instituto geográfico de Viena.Color: sepia, medidas: 9x14cm"
80.0,Schloss Schönbrunn: Figura de Hércules,Fotos/59-83.Austria/080.pdf,,application/pdf,48.18479,16.31227,1911.0,Palacio de Schönbrunn; Colección Instituto geográfico de Viena; escultura; Herculés; Leon de Nemea; Vestíbulo; Cultura Griega; Mitos; Arte,"Viena, Austria ",,,de,"Escultura en el vestíbulo del palacio que representa la escena en la que Hércules mata al león de Nemea.Palacio de Schönbrunn. Colección Instituto geográfico de Viena.Color: sepia, medidas: 9x14cm"
81.0,Schloss Schönbrunn: Salón de la emperatriz Elisabeth,Fotos/59-83.Austria/081.pdf,,application/pdf,48.18479,16.31227,1911.0,Palacio de Schönbrunn; interior; Colección Instituto geográfico de Viena; Emperatriz; Elisabeth; Recepción; Salón de la emperatriz,"Viena, Austria ",,,de,"Este salón fue usado como el salón de recepción de la emperatriz Elisabeth y entre sus apartamentos era el de más alta clase.Palacio de Schönbrunn. Colección Instituto geográfico de Viena.Color: sepia, medidas: 9x14cm"
82.0,Schloss Schönbrunn: Salón de Nuez,Fotos/59-83.Austria/082.pdf,,application/pdf,48.18479,16.31227,1911.0,Palacio de Schönbrunn; interior; Colección Instituto geográfico de Viena; Audiencias especiales; Audiencias privadas; emperador; emperador Francisco José I; Salón Nuez; Salón de Audiencias; Rococó,"Viena, Austria ",,,de,"El salón de audiencias o tambien conocido como Salón de Nuez por su decoración de tipo Rococó café. Es un lugar en el que Francisco José I concedía audiencias privadas a monarcas; miembros del gobierno, altos cargos militares y miembros importantes de la corte. Palacio de Schönbrunn. Colección Instituto geográfico de Viena.Color: sepia, medidas: 9x14cm"
83.0,Schloss Schönbrunn: Cuarto Ketterl,Fotos/59-83.Austria/083.pdf,,application/pdf,48.18479,16.31227,1911.0,Palacio de Schönbrunn; interior; Colección Instituto geográfico de Viena; Muerte; Cuarto;  Francisco José I; Eugenio Ketterl; Valet chambre; Ayuante de cuarto,"Viena, Austria ",,,de,"El cuarto de Ketterl llamado asi por Eugenio Ketterl, el ayudante de cuarto del emperador. Este salón era donde el emperador Francisco José I dormía y en donde murió .Palacio de Schönbrunn. Colección Instituto geográfico de Viena.Color: sepia, medidas: 9x14cm"
84.0,Bruxelles. La Gare du Nord,Fotos/84-98.Bélgica/084.pdf,,application/pdf,50.86,4.361667,1911.0,Bruselas; Urbano; Estación ,"Bruselas, Bélgica",,,fr,"Imagen antigua de la estación del norte de Bruselas. Color: sepia, medidas: 9x14cm"
85.0,Bruxelles. Place Royale,Fotos/84-98.Bélgica/085.pdf,,application/pdf,50.842222,4.359444,1911.0,Bruselas; Plaza Real,"Bruselas, Bélgica",,,fr,"Foto antigua de la Plaza Real de Bruselas. Color: sepia, medidas: 9x14cm"
86.0,Bruxelles. Chaire de l´eglise Ste-Gudule,Fotos/84-98.Bélgica/086.pdf,,application/pdf,50.847778,4.360278,1911.0,Bruselas; Catedral; Catedral San Miguel y Santa Gúdula; Trono; púlpito ,"Bruselas, Bélgica",,,fr,"Púlpito de madera que está dentro de la  Catedral de San Miguel y Santa Gúdula en Bruselas. Color: sepia, medidas: 9x14cm"
87.0,Bruxelles. Maison des anciens ducs de Brabant,Fotos/84-98.Bélgica/087.pdf,,application/pdf,50.846389,4.353056,1911.0,"Bruselas; Nobleza; Brabante, ","Bruselas, Bélgica",,,fr,"Casa de los antiguos duques de Brabante en Bruselas ,Color: sepia, medidas: 9x14cm"
88.0,Bruxelles. Arcade du Cinquantenaire,Fotos/84-98.Bélgica/088.pdf,,application/pdf,50.840278,4.392778,1911.0,Bruselas; Arco del Triunfo; Cincuentenario; Parque Cincuentenario; Arco Cincuentenario; Parque,"Bruselas, Bélgica",,,fr,"Arco del Triunfo en el parque Bicentenario en Bruselas mejor conocido como Arco del Cincuentenario. Color: sepia, medidas: 9x14cm"
89.0,Bruxelles. Maison des Tailleurs et la maison de Victor Hugo,Fotos/84-98.Bélgica/089.pdf,,application/pdf,50.846667,4.353056,1911.0,Bruselas; Sastrería; Maison; Víctor Hugo,"Bruselas, Bélgica",,,fr,"Casa de los sastres y de Víctor Hugo en Bruselas. Color: sepia, medidas: 9x14cm"
90.0,Bruxelles. Maison du Roi de Baivère et la maison des Brasseurs,Fotos/84-98.Bélgica/090.pdf,,application/pdf,50.846111,4.352778,1911.0,Bruselas; Casa; Rey de Baviera; Cerveceros,"Bruselas, Bélgica",,,fr,"Casa del Rey de Baviera y de los Cerveceros en Bruselas. Color: sepia, medidas: 9x14cm"
91.0,Bruxelles. Place de Broukère,Fotos/84-98.Bélgica/091.pdf,,application/pdf,50.851389,4.3525,1911.0,Bruselas; Plaza de Broukère,"Bruselas, Bélgica",,,fr,"Foto de la plaza de Broukère en Bruselas, Color: sepia, medidas: 9x14cm"
92.0,Bruxelles. Maison des Corporations,Fotos/84-98.Bélgica/092.pdf,,application/pdf,50.408333,4.441111,1911.0,Bruselas; Casa de corporaciones,"Bruselas, Bélgica",,,fr,"Casa de Corporaciones en Bruselas, Color: sepia, medidas: 9x14cm"
93.0,Bruxelles. Monument Anspach,Fotos/84-98.Bélgica/093.pdf,,application/pdf,50.853611,4.346944,1911.0,Bruselas; Monumento; Anspach; fuente Anspach,"Bruselas, Bélgica",,,fr,"Fuente de Anspach, Color: sepia, medidas: 9x14cm"
94.0,Le Roi et La Reine des Belges et Leurs Enfants,Fotos/84-98.Bélgica/094.pdf,,application/pdf,50.846667,4.351667,1911.0,Bruselas; Familia Real; Realeza; Realeza Bélgica,"Bruselas, Bélgica",,,fr,"Foto familiar del rey y la reina de los belgas y sus hijosColor: sepia, medidas: 9x14cm"
95.0,Bruxelles. Palais des Beaux-Arts,Fotos/84-98.Bélgica/095.pdf,,application/pdf,50.843714,4.359775,1911.0,Bruselas; Palacio; Bellas Artes,"Bruselas, Bélgica",,,fr,"Palacio de bellas artes de Bruselas. Color: sepia, medidas: 9x14cm"
96.0,Bruxelles. Théâtre de la Monnaie,Fotos/84-98.Bélgica/096.pdf,,application/pdf,50.849583,4.354167,1911.0,Bruselas; Teatro; Teatro Real; Teatro Real de la Moneda,"Bruselas, Bélgica",,,fr,"Foto de la fachada del Teatro Real de la Moneda en Bruselas. Color: sepia, medidas: 9x14cm"
97.0,Bruxelles. Palais de Justice (Panorama),Fotos/84-98.Bélgica/097.pdf,,application/pdf,50.836667,4.351667,1911.0,Bruselas; Panorama; Vista; Palacio de la Justicia; Ciudad,"Bruselas, Bélgica",,,fr,"Foto del panorama del Palacio de la Justicia y el palacio en sí. Color: sepia, medidas: 9x14cm"
98.0,Bruxelles. Porte de Hal,Fotos/84-98.Bélgica/098.pdf,,application/pdf,50.833015,4.344894,1911.0,Bruselas; Edad Media; Medievo; Puerta de Halle; Muralla; Medieval,"Bruselas, Bélgica",,,fr,"Foto de la puerta de Halle. Esta puerta es la ultima prueba de la muralla medieval en Bruselas. Color: sepia, medidas: 9x14cm"
99.0,"Sschveningen Wandelhoofd: ,,Koningin Wilhelmina""",Fotos/99-100.Paises Bajos/099.pdf,,application/pdf,52.1171,4.280425,1911.0,La Haya; Mar; Marítimo; Sperrgebiet; Reina Guillermina; Rey Enrique; Muelle; Nazi; Segunda Guerra Mundial; incendio; Patrimonio extinto; Paseo; Pabellón; Mar,"La Haya, Países Bajos",,,nl,"Muelle de Paseo con un pabellón en medio creado por el príncipe Enrique para su esposa la reina Guillermina. Este muelle se inauguró  en 1901 tras varias protestas en su contra por más de treinta años bajo varias condiciones. En la Segunda Guerra Mundial fue ocupada por los Nazis como ""Sperrgebiet "" y tras un incendio en 1943 fue destruido. en Color: sepia, medidas: 9x14cm"
100.0,S-Gravenhage Koninklijk Paleis,Fotos/99-100.Paises Bajos/100.pdf,,application/pdf,52.080917,4.306136,1911.0,La Haya; Palacio; Realeza; Realeza Holandesa; ,"La Haya, Países Bajos",,,nl,"Foto del Palacio Noordeinde , uno de los cuatro palacios de la realiza neerlandesa. Color: sepia, medidas: 9x14cm"
